3618AWBS2, CS3649C, 8353411.00, 1A, GNR 2023-063
3618BFVS6, CT9625C, 3629649.00, 1A, GNR 2023-063
3618B2ZA0, CS8837C, 1244904.00, 1A, GNR 2023-063
3618B1VA6, CS7809C, 7000001.00, 1A, GNR 2023-063
3618AK3W8, CR5313C, 3670400.00, 1A, GNR 2023-063
3618AX2T8, CS5286C, 4287440.00, 1A, GNR 2023-063
3618B9H31, CT3850C, 3585536.00, 1A, GNR 2023-063
3618B0KC6, CS6591C, 1730797.00, 1A, GNR 2023-063
3618BFVP2, CT9622C, 1045203.00, 1A, GNR 2023-063
3618B6HV5, CT1144C, 3531676.00, 1A, GNR 2023-063
3618AYQJ2, CS5857C, 1375160.00, 1A, GNR 2023-063
3618B9MW1, CT3973C, 1456267.00, 1A, GNR 2023-063
3618BFQM5, CT9460C, 1182926.00, 1A, GNR 2023-063
3618AWBR4, CS3648C, 6657068.00, 1A, GNR 2023-063
3618BEDM2, CT8208C, 2463822.00, 1A, GNR 2023-063
3618BFVR8, CT9624C, 2307889.00, 1A, GNR 2023-063
3617XXD63, CK2825C, 1190998.00, 1A, GNR 2023-063
3618ALHQ4, CR5639C, 1166601.00, 1A, GNR 2023-063
3618BLX69, CU3401C, 1026152.00, 1A, GNR 2023-063
3618BFVQ0, CT9623C, 1877373.00, 1A, GNR 2023-063
3618BFQU7, CT9467C, 1006918.00, 1A, GNR 2023-063
3618B6HQ6, CT1139C, 2168072.00, 1A, GNR 2023-063
3618B9H49, CT3851C, 3172947.00, 1A, GNR 2023-063
3618B9ND2, CT3988C, 1254322.00, 1A, GNR 2023-063
3618AWBN3, CS3645C, 5254208.00, 1A, GNR 2023-063
3618AKZV5, CR5256C, 1435345.00, 1A, GNR 2023-063
3618BFVN7, CT9621C, 1992822.00, 1A, GNR 2023-063
3618BMTD7, CU4148C, 1128554.00, 1A, GNR 2023-063
3618B9JJ4, CT3865C, 2377346.00, 1A, GNR 2023-063
3618B9MV3, CT3972C, 1106392.00, 1A, GNR 2023-063
3618ALHP6, CR5638C, 1467205.00, 1A, GNR 2023-063
3618B2QU6, CS8567C, 1032001.00, 1A, GNR 2023-063
3618BAMD0, CT4856C, 1544014.00, 1A, GNR 2023-063
3618B9ZR8, CT4352C, 1999798.00, 1A, GNR 2023-063
3618BFVL1, CT9619C, 1000942.00, 1A, GNR 2023-063
3618BMTB1, CU4146C, 1105435.00, 1A, GNR 2023-063
36179XX76, MA8802M, 175118529.00, 1B, GNR 2023-063
3618APJX8, CR8378C, 1591773.00, 2, GNR 2023-063
3618B3WV5, CS9660C, 1000522.00, 2, GNR 2023-063
3618BFQS2, CT9465C, 1080265.00, 2, GNR 2023-063
3618AXZY1, CS5259C, 1433195.00, 2, GNR 2023-063
3618AKNX4, CR4906C, 1695482.00, 2, GNR 2023-063
3618B32J5, CS9777C, 970250.00, 2, GNR 2023-063
3618BAG88, CT4723C, 1076541.00, 2, GNR 2023-063
3618B2UW7, CS8697C, 1453807.00, 2, GNR 2023-063
3618BAJ69, CT4785C, 1465805.00, 2, GNR 2023-063
3618B0KZ5, CS6612C, 1893465.00, 2, GNR 2023-063
3618BBTK5, CT5954C, 2304658.00, 2, GNR 2023-063
3618B9JC9, CT3859C, 1926709.00, 2, GNR 2023-063
3618B0AD5, CS6304C, 957305.00, 2, GNR 2023-063
3618B3ZW0, CS9757C, 955105.00, 2, GNR 2023-063
3618AQLM7, CR9332C, 1599156.00, 2, GNR 2023-063
3618B0RS4, CS6797C, 2271749.00, 2, GNR 2023-063
3618A7BR9, CQ4548C, 1279600.00, 2, GNR 2023-063
3618B1TD3, CS7748C, 5815933.00, 2, GNR 2023-063
3618ATBY6, CS0955C, 1119562.00, 2, GNR 2023-063
3618AKPZ7, CR4940C, 1418673.00, 2, GNR 2023-063
3618B3W94, CS9672C, 968438.00, 2, GNR 2023-063
3618AUGS1, CS2009C, 1552191.00, 2, GNR 2023-063
3618AVUR5, CS3292C, 2175562.00, 2, GNR 2023-063
3618AYL65, CS5749C, 8166608.00, 2, GNR 2023-063
3618ANAQ7, CR7215C, 2039696.00, 2, GNR 2023-063
3618ALHM3, CR5636C, 1322901.00, 2, GNR 2023-063
3618BCKS5, CT6605C, 1103042.00, 2, GNR 2023-063
3618ANC51, CR7292C, 1172553.00, 2, GNR 2023-063
3618BP6Z6, CU6288C, 7097658.00, 2, GNR 2023-063
3618BK4C0, CU2619C, 3026847.00, 2, GNR 2023-063
3618BNQL0, CU4959C, 3740150.00, 2, GNR 2023-063
3618APEU9, CR8247C, 1045051.00, 2, GNR 2023-063
3618BEGD9, CT8296C, 1496135.00, 2, GNR 2023-063
3618B3QF7, CS9454C, 1394128.00, 2, GNR 2023-063
3618B3K97, CS9320C, 1698169.00, 2, GNR 2023-063
3618BDP90, CT7648C, 1859832.00, 2, GNR 2023-063
3618BFQT0, CT9466C, 1069931.00, 2, GNR 2023-063
3618B1TF8, CS7750C, 2500000.00, 2, GNR 2023-063
3618BGBQ0, CT9947C, 29464624.00, 2, GNR 2023-063
3618AX2K7, CS5278C, 1685814.00, 2, GNR 2023-063
3618AWBF0, CS3638C, 4485230.00, 2, GNR 2023-063
3618BHXU5, CU0691C, 6394363.00, 2, GNR 2023-063
3618A3D39, CQ1022C, 1387405.00, 2, GNR 2023-063
3618APM89, CR8483C, 1327610.00, 2, GNR 2023-063
3617FSKC3, CP2991C, 1034003.00, 2, GNR 2023-063
3618AXUF7, CS5082C, 2490158.00, 2, GNR 2023-063
3618AXZ39, CS5262C, 1913195.00, 2, GNR 2023-063
3618AWAA2, CS3601C, 4283367.00, 2, GNR 2023-063
3618B0DF7, CS6402C, 1142449.00, 2, GNR 2023-063
3618B92K9, CT4378C, 4970009.00, 2, GNR 2023-063
3617FQHK3, CP1134C, 1094972.00, 2, GNR 2023-063
3618BDCK9, CT7274C, 6066190.00, 2, GNR 2023-063
3618AYQH6, CS5856C, 1448037.00, 2, GNR 2023-063
3618ACRK6, CQ9490C, 1203884.00, 2, GNR 2023-063
3617YV2B7, CM9770C, 1199728.00, 2, GNR 2023-063
3618AKZM5, CR5248C, 1800571.00, 2, GNR 2023-063
3618BK4E6, CU2621C, 1215387.00, 2, GNR 2023-063
3618BHXW1, CU0693C, 5500122.00, 2, GNR 2023-063
3618BAMS7, CT4869C, 1147991.00, 2, GNR 2023-063
3618B0X81, CS7003C, 1822637.00, 2, GNR 2023-063
3618AWHD9, CS3828C, 1113047.00, 2, GNR 2023-063
3617FYKD8, CP8392C, 3178232.00, 2, GNR 2023-063
3618AYX39, CS6098C, 1081130.00, 2, GNR 2023-063
3618ATB83, CS0963C, 2893014.00, 2, GNR 2023-063
3618B1AS0, CS7217C, 4209749.00, 2, GNR 2023-063
3618BFVF4, CT9614C, 3479057.00, 2, GNR 2023-063
3618B0YY3, CS7027C, 2496527.00, 2, GNR 2023-063
3618ALUH9, CR5984C, 1000967.00, 2, GNR 2023-063
3618B0BC6, CS6335C, 2743867.00, 2, GNR 2023-063
3618B3LB1, CS9322C, 1575785.00, 2, GNR 2023-063
3618B0AH6, CS6308C, 2260188.00, 2, GNR 2023-063
3618B07A5, CS7189C, 1086522.00, 2, GNR 2023-063
3618B1U74, CS7806C, 5000000.00, 2, GNR 2023-063
3617FYGM3, CP8304C, 2017892.00, 2, GNR 2023-063
3618B6KG4, CT1195C, 7032868.00, 2, GNR 2023-063
3618ASGV9, CS0212C, 4787972.00, 2, GNR 2023-063
3618AWHX5, CS3846C, 1136146.00, 2, GNR 2023-063
3618BAKH3, CT4796C, 2032755.00, 2, GNR 2023-063
3618B3QJ9, CS9457C, 988277.00, 2, GNR 2023-063
3617FYGY7, CP8315C, 2768291.00, 2, GNR 2023-063
3618AYXF2, CS6078C, 1255191.00, 2, GNR 2023-063
3618B9S21, CT4137C, 1999751.00, 2, GNR 2023-063
3618B06T5, CS7182C, 1495108.00, 2, GNR 2023-063
3618B1F71, CS7390C, 1028252.00, 2, GNR 2023-063
3618AWAB0, CS3602C, 5240621.00, 2, GNR 2023-063
3618BALG4, CT4827C, 1784821.00, 2, GNR 2023-063
36179XX76, MA8802M, 96852339.00, 3, GNR 2023-063
36179X2M7, MA8880M, 403344998.00, 3, GNR 2023-063
36179X2M7, MA8880M, 60000000.00, 4, GNR 2023-063
3617X8ZJ6, CI4345C, 794873.00, 5, GNR 2023-063
3617XPJK3, CJ6566C, 56008.00, 5, GNR 2023-063
3617Y03K4, CK5302C, 82786.00, 5, GNR 2023-063
3617Y3B52, CK7260C, 154339.00, 5, GNR 2023-063
3617YAZA9, CL3437C, 428262.00, 5, GNR 2023-063
3617YBAV8, CL3620C, 109327.00, 5, GNR 2023-063
3617YNKH2, CM2996C, 82006.00, 5, GNR 2023-063
3617YNKS8, CM3005C, 32712.00, 5, GNR 2023-063
3617F2ED5, CN2832C, 116076.00, 5, GNR 2023-063
3617F4VT7, CN5126C, 28844.00, 5, GNR 2023-063
3617F46M0, CN5376C, 1200749.00, 5, GNR 2023-063
3617F5JR2, CN5672C, 142504.00, 5, GNR 2023-063
3617F5QT0, CN5866C, 57797.00, 5, GNR 2023-063
3617F6JK5, CN6566C, 63722.00, 5, GNR 2023-063
3617F9CN0, CN9077C, 105214.00, 5, GNR 2023-063
3617FCZA6, CO1637C, 44600.00, 5, GNR 2023-063
3617FDD34, CO1922C, 92404.00, 5, GNR 2023-063
3617FF2A5, CO4369C, 107412.00, 5, GNR 2023-063
3617FHGZ1, CO5616C, 64476.00, 5, GNR 2023-063
3617FH3K8, CO6202C, 59818.00, 5, GNR 2023-063
3617FJMS6, CO6669C, 64959.00, 5, GNR 2023-063
3617FJXE5, CO6977C, 145594.00, 5, GNR 2023-063
3617FKK89, CO7519C, 297720.00, 5, GNR 2023-063
3617FPN69, CP0413C, 70789.00, 5, GNR 2023-063
3617FQV50, CP1536C, 131756.00, 5, GNR 2023-063
3617FQZS6, CP1653C, 55109.00, 5, GNR 2023-063
3617FRUQ3, CP2391C, 76867.00, 5, GNR 2023-063
3617FRXG2, CP2479C, 51849.00, 5, GNR 2023-063
3617FSNZ9, CP3108C, 153345.00, 5, GNR 2023-063
3617FTMA3, CP3953C, 985446.00, 5, GNR 2023-063
3617FTW53, CP4268C, 232345.00, 5, GNR 2023-063
3617FTZB7, CP4338C, 77332.00, 5, GNR 2023-063
3617FUJS5, CP4773C, 721614.00, 5, GNR 2023-063
3617FUNZ4, CP4908C, 90144.00, 5, GNR 2023-063
3617FVTR4, CP5960C, 57733.00, 5, GNR 2023-063
3617FV2Q5, CP6183C, 670701.00, 5, GNR 2023-063
3617FWBL4, CP6343C, 4395343.00, 5, GNR 2023-063
3617FWDQ1, CP6411C, 82708.00, 5, GNR 2023-063
3617FWHS3, CP6541C, 5111534.00, 5, GNR 2023-063
3617FWHT1, CP6542C, 5448664.00, 5, GNR 2023-063
3617FWU25, CP6901C, 352293.00, 5, GNR 2023-063
3617FWU66, CP6905C, 461527.00, 5, GNR 2023-063
3617FWWQ0, CP6955C, 53796.00, 5, GNR 2023-063
3617FW5X5, CP7162C, 180460.00, 5, GNR 2023-063
3617FYW45, CP8767C, 42210.00, 5, GNR 2023-063
3618A0MM3, CP9364C, 243244.00, 5, GNR 2023-063
3618A1BY7, CP9955C, 39412.00, 5, GNR 2023-063
3618A1B84, CP9963C, 253051.00, 5, GNR 2023-063
3618A1CM2, CP9976C, 60918.00, 5, GNR 2023-063
3618A2S50, CQ0540C, 75262.00, 5, GNR 2023-063
3618A3J41, CQ1183C, 29531.00, 5, GNR 2023-063
3618A4DR4, CQ1912C, 67413.00, 5, GNR 2023-063
3618A4DY9, CQ1919C, 326157.00, 5, GNR 2023-063
3618A4D45, CQ1923C, 642403.00, 5, GNR 2023-063
3618A4EH5, CQ1936C, 501677.00, 5, GNR 2023-063
3618A4EQ5, CQ1943C, 36127.00, 5, GNR 2023-063
3618A4FC5, CQ1963C, 276455.00, 5, GNR 2023-063
3618A5BS1, CQ2749C, 53752.00, 5, GNR 2023-063
3618A5ES8, CQ2845C, 31183.00, 5, GNR 2023-063
3618A52Y8, CQ3491C, 751590.00, 5, GNR 2023-063
36179X2N5, MA8881M, 130000000.00, 6, GNR 2023-063
36179X2M7, MA8880M, 100000000.00, 7, GNR 2023-063
3618B1VA6, CS7809C, 2500000.00, 8A, GNR 2023-063
3618BQAW6, CU6321C, 8063261.00, 8A, GNR 2023-063
3618BGBH0, CT9940C, 5799885.00, 8A, GNR 2023-063
3618BQAX4, CU6322C, 9119695.00, 8A, GNR 2023-063
3618BB4F3, CT6222C, 1170407.00, 8A, GNR 2023-063
3618BQCA2, CU6365C, 5042683.00, 8A, GNR 2023-063
3618BQBC9, CU6335C, 5901047.00, 8A, GNR 2023-063
3618BQBA3, CU6333C, 4026352.00, 8A, GNR 2023-063
3618BMB53, CU3660C, 1021779.00, 8A, GNR 2023-063
3618BBFU8, CT5579C, 2742994.00, 8A, GNR 2023-063
3618BQB96, CU6364C, 4043651.00, 8A, GNR 2023-063
3618BBGK9, CT5602C, 2447014.00, 8A, GNR 2023-063
3618B8FV3, CT2880C, 1424938.00, 8A, GNR 2023-063
3618BQAV8, CU6320C, 2001136.00, 8A, GNR 2023-063
3618BBHK8, CT5634C, 1048446.00, 8A, GNR 2023-063
3618AK5C0, CR5343C, 1355855.00, 8B, GNR 2023-063
3618AGDN6, CR1909C, 1142413.00, 8B, GNR 2023-063
3618APWP0, CR8754C, 1044937.00, 8B, GNR 2023-063
3618B3FU6, CS9179C, 3247119.00, 8B, GNR 2023-063
3618B3EN3, CS9141C, 2382793.00, 8B, GNR 2023-063
36179X2M7, MA8880M, 53676447.00, 8C, GNR 2023-063
36179X2N5, MA8881M, 50000000.00, 9, GNR 2023-063
38382FJK1, GN-2020-062-FA, 30000000.00, 10, GNR 2023-063
38382FJL9, GN-2020-062-SA, 30000000.00, 10, GNR 2023-063
38383VFT0, GN-2023-001-MA, 54968318.00, 10, GNR 2023-063
36179X2N5, MA8881M, 10000000.00, 11, GNR 2023-063
3618BQVU7, CU6927C, 1019571.00, 12, GNR 2023-063
3622ACHN3, 786637C, 69498226.00, 12, GNR 2023-063
3618ALAR9, CR5416C, 1214428.00, 12, GNR 2023-063
3618BLR66, CU3209C, 4654328.00, 12, GNR 2023-063
3618BLR58, CU3208C, 1100613.00, 12, GNR 2023-063
3618BLR41, CU3207C, 1271344.00, 12, GNR 2023-063
3622ACHP8, 786638C, 24478383.00, 12, GNR 2023-063
3618BNSK0, CU5022C, 9711768.00, 12, GNR 2023-063
3618BN5X7, CU5362C, 1318305.00, 12, GNR 2023-063
3618BN5Y5, CU5363C, 1100972.00, 12, GNR 2023-063
3618BN5Z2, CU5364C, 1469774.00, 12, GNR 2023-063
3618BNQ22, CU4973C, 9195246.00, 12, GNR 2023-063
3618BNQY2, CU4971C, 3379424.00, 12, GNR 2023-063
3618BNQZ9, CU4972C, 2838645.00, 12, GNR 2023-063
3618BFC32, CT9090C, 1661209.00, 12, GNR 2023-063
3618AK7M6, CR5400C, 1485119.00, 12, GNR 2023-063
3618BFYH7, CT9712C, 1155600.00, 12, GNR 2023-063
3618BFYG9, CT9711C, 1015019.00, 12, GNR 2023-063
3618BED42, CT8223C, 1284164.00, 12, GNR 2023-063
3618BED34, CT8222C, 1155515.00, 12, GNR 2023-063
3618BDFP5, CT7374C, 2226496.00, 12, GNR 2023-063
3618BMQ73, CU4078C, 1000000.00, 12, GNR 2023-063
36179X2P0, MA8882M, 50000000.00, 13, GNR 2023-063
3618AED43, CR0123C, 40264.00, T, GNR 2023-063
36179XX84, MA8803M, 200580402.00, 1, GNR 2023-064
36179X2J4, MA8877M, 52702033.00, 2, GNR 2023-064
3617QVYD7, BZ1608C, 505157.00, 3A, GNR 2023-064
3618AKQE3, CR4953C, 347159.00, 3A, GNR 2023-064
3618AM6N1, CR7177C, 190418.00, 3A, GNR 2023-064
3618AVEV4, CS2848C, 194206.00, 3A, GNR 2023-064
3618AWHJ6, CS3833C, 185399.00, 3A, GNR 2023-064
3618AWH64, CS3853C, 1046751.00, 3A, GNR 2023-064
3618AWH72, CS3854C, 2288972.00, 3A, GNR 2023-064
3618AWPR9, CS4032C, 246453.00, 3A, GNR 2023-064
3618AXWH1, CS5148C, 182826.00, 3A, GNR 2023-064
3618AYTM2, CS5956C, 191953.00, 3A, GNR 2023-064
3618AYTP5, CS5958C, 480532.00, 3A, GNR 2023-064
3618B0VP5, CS6922C, 359029.00, 3A, GNR 2023-064
3618B0WR0, CS6956C, 282878.00, 3A, GNR 2023-064
3618B0WS8, CS6957C, 425262.00, 3A, GNR 2023-064
3618B0WT6, CS6958C, 245311.00, 3A, GNR 2023-064
3618B0XK4, CS6982C, 314314.00, 3A, GNR 2023-064
3618B1RA1, CS7681C, 860541.00, 3A, GNR 2023-064
3618B1SR3, CS7728C, 860592.00, 3A, GNR 2023-064
3618B1SS1, CS7729C, 876123.00, 3A, GNR 2023-064
3618B1U82, CS7807C, 14530821.00, 3A, GNR 2023-064
3618B1U90, CS7808C, 3115526.00, 3A, GNR 2023-064
3618B2PV5, CS8536C, 1179931.00, 3A, GNR 2023-064
3618B25Q8, CS8955C, 268454.00, 3A, GNR 2023-064
3618B3L62, CS9349C, 1060597.00, 3A, GNR 2023-064
3618B37D3, CS9892C, 205365.00, 3A, GNR 2023-064
3618B4A96, CS9932C, 232605.00, 3A, GNR 2023-064
3618B6HP8, CT1138C, 1279569.00, 3A, GNR 2023-064
3618B6HU7, CT1143C, 1270998.00, 3A, GNR 2023-064
3618B8D78, CT2826C, 293473.00, 3A, GNR 2023-064
3618B8EA0, CT2829C, 207342.00, 3A, GNR 2023-064
3618B9GX6, CT3814C, 222215.00, 3A, GNR 2023-064
3618B9H72, CT3854C, 451170.00, 3A, GNR 2023-064
3618B9H80, CT3855C, 257963.00, 3A, GNR 2023-064
3618B9ML5, CT3963C, 179117.00, 3A, GNR 2023-064
3618B9MM3, CT3964C, 201459.00, 3A, GNR 2023-064
3618B9MZ4, CT3976C, 1045435.00, 3A, GNR 2023-064
3618B9NL4, CT3995C, 1527594.00, 3A, GNR 2023-064
3618B95L4, CT4451C, 1006939.00, 3A, GNR 2023-064
3618B95M2, CT4452C, 1400426.00, 3A, GNR 2023-064
3618B95N0, CT4453C, 1323849.00, 3A, GNR 2023-064
3618B95P5, CT4454C, 2289688.00, 3A, GNR 2023-064
3618B95Q3, CT4455C, 1484601.00, 3A, GNR 2023-064
3618B95R1, CT4456C, 1150447.00, 3A, GNR 2023-064
3618B95S9, CT4457C, 1049549.00, 3A, GNR 2023-064
3618BAK59, CT4816C, 194591.00, 3A, GNR 2023-064
3618BAK67, CT4817C, 240975.00, 3A, GNR 2023-064
3618BAXG1, CT5179C, 182515.00, 3A, GNR 2023-064
3618BBQC6, CT5851C, 186041.00, 3A, GNR 2023-064
3618BBQD4, CT5852C, 221405.00, 3A, GNR 2023-064
3618BCGL5, CT6503C, 2219334.00, 3A, GNR 2023-064
3618BCLC9, CT6623C, 175727.00, 3A, GNR 2023-064
3618BDA54, CT7228C, 1433235.00, 3A, GNR 2023-064
3618BDA70, CT7230C, 1807865.00, 3A, GNR 2023-064
3618BDA88, CT7231C, 1242776.00, 3A, GNR 2023-064
3618BDA96, CT7232C, 1582440.00, 3A, GNR 2023-064
3618BDD28, CT7321C, 7961979.00, 3A, GNR 2023-064
3618BDD36, CT7322C, 7468522.00, 3A, GNR 2023-064
3618BDD44, CT7323C, 12746615.00, 3A, GNR 2023-064
3618BDD69, CT7325C, 18918833.00, 3A, GNR 2023-064
3618BDD77, CT7326C, 13200041.00, 3A, GNR 2023-064
3618BDN68, CT7613C, 469986.00, 3A, GNR 2023-064
3618BEC84, CT8195C, 180700.00, 3A, GNR 2023-064
3618BEGA5, CT8293C, 1014309.00, 3A, GNR 2023-064
3618BEGL1, CT8303C, 1107094.00, 3A, GNR 2023-064
3618BEHT3, CT8342C, 214888.00, 3A, GNR 2023-064
3618BEHW6, CT8345C, 222309.00, 3A, GNR 2023-064
3618BELC5, CT8423C, 327687.00, 3A, GNR 2023-064
3618BE4U4, CT8935C, 1101656.00, 3A, GNR 2023-064
3618BE6Q1, CT8979C, 2584685.00, 3A, GNR 2023-064
3618BFQY9, CT9471C, 1107981.00, 3A, GNR 2023-064
3618BFQZ6, CT9472C, 1070948.00, 3A, GNR 2023-064
3618BFQ37, CT9474C, 1139466.00, 3A, GNR 2023-064
3618BFVX5, CT9630C, 200681.00, 3A, GNR 2023-064
3618BFVY3, CT9631C, 314936.00, 3A, GNR 2023-064
3618BF7H7, CT9896C, 188250.00, 3A, GNR 2023-064
3618BHTF3, CU0550C, 1193239.00, 3A, GNR 2023-064
3618BJZ21, CU1661C, 1120956.00, 3A, GNR 2023-064
3618BKPG8, CU2223C, 284302.00, 3A, GNR 2023-064
3618BKPH6, CU2224C, 252018.00, 3A, GNR 2023-064
3618BKPV5, CU2236C, 2355947.00, 3A, GNR 2023-064
3618BLH34, CU2950C, 717629.00, 3A, GNR 2023-064
3618BLH42, CU2951C, 875010.00, 3A, GNR 2023-064
3618BLKB2, CU2990C, 1311054.00, 3A, GNR 2023-064
3618BLKC0, CU2991C, 2901238.00, 3A, GNR 2023-064
3618BLKD8, CU2992C, 1101217.00, 3A, GNR 2023-064
3618BMFE0, CU3765C, 1690073.00, 3A, GNR 2023-064
3618BNYA5, CU5205C, 1105758.00, 3A, GNR 2023-064
3618BQAK2, CU6310C, 6903886.00, 3A, GNR 2023-064
36179XX84, MA8803M, 50145101.00, 3B, GNR 2023-064
36179XQY5, MA8571M, 35000000.00, 4, GNR 2023-064
36179X2M7, MA8880M, 286519446.00, 5, GNR 2023-064
36179X2M7, MA8880M, 40339388.00, 6, GNR 2023-064
36179X2N5, MA8881M, 50000000.00, 7, GNR 2023-064
3618AK5H9, CR5348C, 1730250.00, 8, GNR 2023-064
3618BCGL5, CT6503C, 8433717.00, 8, GNR 2023-064
3618BC3T2, CT7110C, 906732.00, 8, GNR 2023-064
3618BFC57, CT9092C, 2865209.00, 8, GNR 2023-064
3618BFC65, CT9093C, 1437198.00, 8, GNR 2023-064
3618BFC73, CT9094C, 1932154.00, 8, GNR 2023-064
3618BFC81, CT9095C, 836398.00, 8, GNR 2023-064
3618BFYU8, CT9723C, 1011706.00, 8, GNR 2023-064
3618BLSF5, CU3218C, 2362836.00, 8, GNR 2023-064
3618BMBV6, CU3652C, 960422.00, 8, GNR 2023-064
3618BMBW4, CU3653C, 961571.00, 8, GNR 2023-064
3618BM4H5, CU4424C, 1617909.00, 8, GNR 2023-064
3618BNSP9, CU5026C, 2006468.00, 8, GNR 2023-064
3618BQBF2, CU6338C, 3171756.00, 8, GNR 2023-064
3618BQBG0, CU6339C, 3269957.00, 8, GNR 2023-064
3618BQBK1, CU6342C, 3218498.00, 8, GNR 2023-064
3618BQB21, CU6357C, 3277219.00, 8, GNR 2023-064
3618AYM31, CS5778C, 30118.00, T, GNR 2023-064
36179XX76, MA8802M, 75153125.00, 1, GNR 2023-065
3618ASG80, CS0223C, 780959.00, 2, GNR 2023-065
3618BQCC8, CU6367C, 49041824.00, 2, GNR 2023-065
3618BQDX1, CU6418C, 44678427.00, 2, GNR 2023-065
3617FPWN2, CP0653C, 1286683.00, 3, GNR 2023-065
3617FYJA6, CP8357C, 935837.00, 3, GNR 2023-065
3618A06N9, CP9877C, 2026880.00, 3, GNR 2023-065
3618AJGX5, CR3814C, 1912139.00, 3, GNR 2023-065
3618AJ4V2, CR4436C, 2876080.00, 3, GNR 2023-065
3618AKPU8, CR4935C, 1048600.00, 3, GNR 2023-065
3618AKXE5, CR5177C, 1297745.00, 3, GNR 2023-065
3618AK4H0, CR5324C, 1651030.00, 3, GNR 2023-065
3618AK4J6, CR5325C, 3919794.00, 3, GNR 2023-065
3618ALA65, CR5429C, 2868561.00, 3, GNR 2023-065
3618ALA99, CR5432C, 2619413.00, 3, GNR 2023-065
3618AM6V3, CR7184C, 2112805.00, 3, GNR 2023-065
3618ATBS9, CS0949C, 1011241.00, 3, GNR 2023-065
3618ATBT7, CS0950C, 1184311.00, 3, GNR 2023-065
3618AXWD0, CS5144C, 1036575.00, 3, GNR 2023-065
3618AYXX3, CS6094C, 1024061.00, 3, GNR 2023-065
3618B0XB4, CS6974C, 1592300.00, 3, GNR 2023-065
3618B0YZ0, CS7028C, 1317750.00, 3, GNR 2023-065
3618B1NS6, CS7601C, 9235658.00, 3, GNR 2023-065
3618B2MC0, CS8455C, 2797702.00, 3, GNR 2023-065
3618B23V9, CS8912C, 1528492.00, 3, GNR 2023-065
3618B3RT6, CS9498C, 1004608.00, 3, GNR 2023-065
3618B3RU3, CS9499C, 1178293.00, 3, GNR 2023-065
3618BAQS3, CT4965C, 1413210.00, 3, GNR 2023-065
3618BAQV6, CT4968C, 1340427.00, 3, GNR 2023-065
3618BB4K2, CT6226C, 2530129.00, 3, GNR 2023-065
3618BDAZ8, CT7224C, 14846342.00, 3, GNR 2023-065
3618BDDM4, CT7308C, 9816721.00, 3, GNR 2023-065
3618BDDN2, CT7309C, 19331703.00, 3, GNR 2023-065
3618BEK28, CT8413C, 10925350.00, 3, GNR 2023-065
3618BFB66, CT9061C, 3128873.00, 3, GNR 2023-065
3618BFB74, CT9062C, 1276101.00, 3, GNR 2023-065
3618BF6N5, CT9877C, 1636591.00, 3, GNR 2023-065
3618BH4Y9, CU0839C, 3130727.00, 3, GNR 2023-065
3618BLX85, CU3403C, 1750491.00, 3, GNR 2023-065
3618BQBE5, CU6337C, 11869795.00, 3, GNR 2023-065
3618BQCH7, CU6372C, 9795770.00, 3, GNR 2023-065
3618BQDW3, CU6417C, 15146775.00, 3, GNR 2023-065
3618BQEH5, CU6436C, 15097032.00, 3, GNR 2023-065
36179XVR4, MA8724M, 50967773.00, 4, GNR 2023-065
3617XSA75, CJ9030C, 20160888.00, 5, GNR 2023-065
3617FU7E9, CP5393C, 3737638.00, 5, GNR 2023-065
3618A3BH0, CQ0940C, 7863456.00, 5, GNR 2023-065
3618A3BW7, CQ0953C, 1511716.00, 5, GNR 2023-065
3618A3CN6, CQ0977C, 1044596.00, 5, GNR 2023-065
3618A3CT3, CQ0982C, 12188730.00, 5, GNR 2023-065
3618A3CV8, CQ0984C, 1006858.00, 5, GNR 2023-065
3618A3EJ3, CQ1037C, 21942982.00, 5, GNR 2023-065
3618ACQD3, CQ9452C, 1063916.00, 5, GNR 2023-065
3618ACQE1, CQ9453C, 1840411.00, 5, GNR 2023-065
3618ACQK7, CQ9458C, 1076340.00, 5, GNR 2023-065
3618ACRQ3, CQ9495C, 6961170.00, 5, GNR 2023-065
3618ACR59, CQ9508C, 11971785.00, 5, GNR 2023-065
3618ACSM1, CQ9524C, 17119697.00, 5, GNR 2023-065
3618ACSS8, CQ9529C, 1951298.00, 5, GNR 2023-065
3618ACSV1, CQ9532C, 1126669.00, 5, GNR 2023-065
3618ACSW9, CQ9533C, 2625075.00, 5, GNR 2023-065
3618ACSX7, CQ9534C, 2026549.00, 5, GNR 2023-065
3618AGSU4, CR2331C, 1026583.00, 5, GNR 2023-065
3618AGS26, CR2337C, 1590503.00, 5, GNR 2023-065
3618ANVY7, CR7831C, 2337935.00, 5, GNR 2023-065
3618ANV68, CR7837C, 3511353.00, 5, GNR 2023-065
3618APYZ6, CR8828C, 4073283.00, 5, GNR 2023-065
3618APY29, CR8829C, 26060959.00, 5, GNR 2023-065
3618APZZ5, CR8860C, 2411319.00, 5, GNR 2023-065
3618ATJ36, CS1182C, 1645936.00, 5, GNR 2023-065
3618ATJ44, CS1183C, 1627380.00, 5, GNR 2023-065
3618ATL90, CS1252C, 6919677.00, 5, GNR 2023-065
3618AYZ52, CS6164C, 1011700.00, 5, GNR 2023-065
3618AYZ60, CS6165C, 1853024.00, 5, GNR 2023-065
3618AYZ78, CS6166C, 1543498.00, 5, GNR 2023-065
3618AYZ86, CS6167C, 1060344.00, 5, GNR 2023-065
3618AYZ94, CS6168C, 2053316.00, 5, GNR 2023-065
3618AY2B5, CS6170C, 2480511.00, 5, GNR 2023-065
3618AY2C3, CS6171C, 1099524.00, 5, GNR 2023-065
3618AY2D1, CS6172C, 1297517.00, 5, GNR 2023-065
3618AY2X7, CS6190C, 1349638.00, 5, GNR 2023-065
3618B0E82, CS6459C, 556301.00, 5, GNR 2023-065
3618B5Y89, CT0735C, 1134559.00, 5, GNR 2023-065
3618BBW21, CT6065C, 3195077.00, 5, GNR 2023-065
3618BBW88, CT6071C, 1921451.00, 5, GNR 2023-065
3618BHPS9, CU0433C, 1090263.00, 5, GNR 2023-065
3618BHQ82, CU0479C, 1861204.00, 5, GNR 2023-065
3618BHRH1, CU0488C, 1223920.00, 5, GNR 2023-065
3618BMFK6, CU3770C, 2016843.00, 5, GNR 2023-065
3618BMFT7, CU3778C, 1096843.00, 5, GNR 2023-065
3618BMFU4, CU3779C, 4090990.00, 5, GNR 2023-065
3618BQC53, CU6392C, 67000000.00, 6, GNR 2023-065
3618ATBR1, CS0948C, 950149.00, 7, GNR 2023-065
3618AULD8, CS2124C, 2304998.00, 7, GNR 2023-065
3618AXVE9, CS5113C, 1646120.00, 7, GNR 2023-065
3618B0BM4, CS6344C, 1186884.00, 7, GNR 2023-065
3618B0WQ2, CS6955C, 1250866.00, 7, GNR 2023-065
3618B1L41, CS7547C, 6382431.00, 7, GNR 2023-065
3618B1PJ4, CS7625C, 10231851.00, 7, GNR 2023-065
3618B1UY5, CS7799C, 8849945.00, 7, GNR 2023-065
3618B2GX1, CS8314C, 2403100.00, 7, GNR 2023-065
3618B3QN0, CS9461C, 1198899.00, 7, GNR 2023-065
3618BAXP1, CT5186C, 2268493.00, 7, GNR 2023-065
3618BDAX3, CT7222C, 4157469.00, 7, GNR 2023-065
3618BDDS1, CT7313C, 9098072.00, 7, GNR 2023-065
3618BNQ55, CU4976C, 4025299.00, 7, GNR 2023-065
3618ACSL3, CQ9523C, 18870843.00, 8A, GNR 2023-065
3618ACSU3, CQ9531C, 2566794.00, 8A, GNR 2023-065
3618ACTB4, CQ9546C, 4676868.00, 8A, GNR 2023-065
3618APY86, CR8835C, 1373982.00, 8A, GNR 2023-065
3618APY94, CR8836C, 21977795.00, 8A, GNR 2023-065
3618APZ85, CR8867C, 1383692.00, 8A, GNR 2023-065
3618ATDM0, CS1008C, 2910823.00, 8A, GNR 2023-065
3618AY2U3, CS6187C, 1135853.00, 8A, GNR 2023-065
3618B0XW8, CS6993C, 1081721.00, 8A, GNR 2023-065
3618B7M70, CT2182C, 1299270.00, 8A, GNR 2023-065
3618ATFX4, CS1082C, 1237395.00, 8B, GNR 2023-065
36179X2M7, MA8880M, 76757216.00, 9, GNR 2023-065
3618AUUQ9, CS2391C, 9936648.00, 10, GNR 2023-065
3618AVM52, CS3080C, 952828.00, 10, GNR 2023-065
3618B0LJ0, CS6629C, 3627958.00, 10, GNR 2023-065
3618B3BZ9, CS9056C, 2598133.00, 10, GNR 2023-065
3618B3CK1, CS9074C, 3248814.00, 10, GNR 2023-065
3618B8LY0, CT3043C, 6145897.00, 10, GNR 2023-065
3618B9DS0, CT3713C, 1400306.00, 10, GNR 2023-065
3618BNSG9, CU5019C, 2190662.00, 10, GNR 2023-065
3618BPE87, CU5559C, 6387618.00, 10, GNR 2023-065
3618BPE95, CU5560C, 2040162.00, 10, GNR 2023-065
3618ALAT5, CR5418C, 1285503.00, 11, GNR 2023-065
3618ALCV8, CR5484C, 255831.00, 11, GNR 2023-065
3618B3KY2, CS9311C, 1822303.00, 11, GNR 2023-065
3618BB5C9, CT6243C, 1778473.00, 11, GNR 2023-065
3618BDGR0, CT7408C, 14330280.00, 11, GNR 2023-065
3618BFC40, CT9091C, 4317713.00, 11, GNR 2023-065
3618BHQW9, CU0469C, 2153905.00, 11, GNR 2023-065
3618BLDE4, CU2801C, 1363060.00, 11, GNR 2023-065
3618BLX51, CU3400C, 1122521.00, 11, GNR 2023-065
3618BNUH4, CU5084C, 3844300.00, 11, GNR 2023-065
3618BPET1, CU5546C, 8516866.00, 11, GNR 2023-065
3618BQEJ1, CU6437C, 5124341.00, 11, GNR 2023-065
3618BQF50, CU6488C, 3789653.00, 11, GNR 2023-065
3618BS3X8, CU8914C, 1299994.00, 11, GNR 2023-065
3617FHN34, CO5810C, 40367.00, T, GNR 2023-065
3618BLZJ9, CU3445C, 76772.00, 1, GNR 2023-066
3618B9U36, CT4202C, 1853786.00, 1, GNR 2023-066
3618B3NM5, CS9396C, 1074094.00, 1, GNR 2023-066
3618BDP82, CT7647C, 2074024.00, 1, GNR 2023-066
3618BJ2D3, CU1672C, 2225408.00, 1, GNR 2023-066
3618AYT26, CS5969C, 219305.00, 1, GNR 2023-066
3618AYTT7, CS5962C, 212937.00, 1, GNR 2023-066
3618AYT34, CS5970C, 223382.00, 1, GNR 2023-066
3618AYTU4, CS5963C, 718599.00, 1, GNR 2023-066
3618BFZC7, CT9739C, 232413.00, 1, GNR 2023-066
3618BFZD5, CT9740C, 202535.00, 1, GNR 2023-066
3618BFQ29, CT9473C, 239432.00, 1, GNR 2023-066
3618BMCF0, CU3670C, 1262906.00, 1, GNR 2023-066
3618BQVD5, CU6912C, 1055298.00, 1, GNR 2023-066
3618BMCA1, CU3665C, 2126980.00, 1, GNR 2023-066
3618AK7H7, CR5396C, 2890882.00, 1, GNR 2023-066
3618ALCR7, CR5480C, 1823056.00, 1, GNR 2023-066
3618B3LF2, CS9326C, 1320853.00, 1, GNR 2023-066
3618BCNK9, CT6694C, 1151653.00, 1, GNR 2023-066
3618BD6G5, CT8071C, 1301601.00, 1, GNR 2023-066
3618BL7D3, CU3592C, 2820422.00, 1, GNR 2023-066
3618AWBT0, CS3650C, 6077576.00, 1, GNR 2023-066
3618BC3W5, CT7113C, 1283980.00, 1, GNR 2023-066
3618APWS4, CR8757C, 1272700.00, 1, GNR 2023-066
3618APWT2, CR8758C, 1071155.00, 1, GNR 2023-066
3618BE4T7, CT8934C, 1253367.00, 1, GNR 2023-066
3618AYUU2, CS5995C, 265214.00, 1, GNR 2023-066
3618BHX68, CU0701C, 3612800.00, 1, GNR 2023-066
3618AXZ47, CS5263C, 398168.00, 1, GNR 2023-066
3618BK5Y1, CU2663C, 1036063.00, 1, GNR 2023-066
3618BFES5, CT9145C, 1134176.00, 1, GNR 2023-066
3618ABLQ1, CQ8435C, 1827615.00, 1, GNR 2023-066
3618BALH2, CT4828C, 476842.00, 1, GNR 2023-066
3618BAPJ4, CT4925C, 1303799.00, 1, GNR 2023-066
3618BH3C8, CU0795C, 19064133.00, 1, GNR 2023-066
3618B1V65, CS7837C, 3588332.00, 1, GNR 2023-066
3618AWH49, CS3851C, 224742.00, 1, GNR 2023-066
3618B95H3, CT4448C, 1524141.00, 1, GNR 2023-066
3618B9EN0, CT3741C, 1349900.00, 1, GNR 2023-066
3618B9EQ3, CT3743C, 1566581.00, 1, GNR 2023-066
3618B9Y24, CT4329C, 888102.00, 1, GNR 2023-066
3618B3GQ4, CS9207C, 2449813.00, 1, GNR 2023-066
3618B3GR2, CS9208C, 3594061.00, 1, GNR 2023-066
3618B3GS0, CS9209C, 3280008.00, 1, GNR 2023-066
3618BKT33, CU2370C, 2838742.00, 1, GNR 2023-066
3618BKT41, CU2371C, 3101646.00, 1, GNR 2023-066
3618AWCW2, CS3685C, 5902829.00, 1, GNR 2023-066
3618AWCX0, CS3686C, 7156077.00, 1, GNR 2023-066
3618AWCY8, CS3687C, 6845671.00, 1, GNR 2023-066
3618AWCZ5, CS3688C, 6936266.00, 1, GNR 2023-066
3618BQCS3, CU6381C, 2988847.00, 1, GNR 2023-066
3618BQDF0, CU6402C, 3050367.00, 1, GNR 2023-066
3618BQCF1, CU6370C, 5888720.00, 1, GNR 2023-066
3618BQEL6, CU6439C, 8028154.00, 1, GNR 2023-066
3618BQEK8, CU6438C, 11884721.00, 1, GNR 2023-066
3618AWCV4, CS3684C, 1769680.00, 1, GNR 2023-066
38382TWY6, GN-2021-105-DB, 1585000.00, 2A, GNR 2023-066
38383CEV8, GN-2021-176-DA, 3250000.00, 2A, GNR 2023-066
38383P6N6, GN-2022-078-GC, 1828000.00, 2B, GNR 2023-066
38383YXX5, GN-2022-168-AD, 14398137.00, 2B, GNR 2023-066
38383XU85, GN-2023-056-AY, 19551354.00, 2C, GNR 2023-066
38383LEF3, GN-2022-189-AT, 1380000.00, 2D, GNR 2023-066
38383LMB3, GN-2022-204-AH, 36539000.00, 2D, GNR 2023-066
38383LLB4, GN-2022-204-AL, 826001.00, 2D, GNR 2023-066
38383WEZ5, GN-2023-024-KC, 55441000.00, 2D, GNR 2023-066
38383WCB0, GN-2023-024-KL, 8695935.00, 2D, GNR 2023-066
38383WFR2, GN-2023-024-EG, 37450000.00, 2E, GNR 2023-066
38383WCF1, GN-2023-024-EL, 978657.00, 2E, GNR 2023-066
3618AK5L0, CR5351C, 1142086.00, 3A, GNR 2023-066
3618BEK85, CT8419C, 1804857.00, 3A, GNR 2023-066
3618BFCS7, CT9081C, 1156220.00, 3A, GNR 2023-066
3618AX2Y7, CS5291C, 1041715.00, 3A, GNR 2023-066
3618AK4E7, CR5321C, 1550611.00, 3A, GNR 2023-066
3618BNQQ9, CU4963C, 2383695.00, 3A, GNR 2023-066
3618BLSB4, CU3214C, 1654490.00, 3A, GNR 2023-066
3618BNX99, CU5204C, 1059464.00, 3A, GNR 2023-066
3618BLSC2, CU3215C, 1147268.00, 3A, GNR 2023-066
3618BFVV9, CT9628C, 1002043.00, 3A, GNR 2023-066
3618AK4Q0, CR5331C, 1318428.00, 3A, GNR 2023-066
3618BJ2E1, CU1673C, 1467856.00, 3A, GNR 2023-066
3618BQVF0, CU6914C, 1229274.00, 3A, GNR 2023-066
3618B9H56, CT3852C, 3161969.00, 3A, GNR 2023-066
3618ALAK4, CR5410C, 1145635.00, 3A, GNR 2023-066
3618ALAG3, CR5407C, 1386270.00, 3A, GNR 2023-066
3618AK7J3, CR5397C, 1880662.00, 3A, GNR 2023-066
3618BLSD0, CU3216C, 1479798.00, 3A, GNR 2023-066
3618BC3P0, CT7106C, 1262643.00, 3A, GNR 2023-066
3618AX2Z4, CS5292C, 2635489.00, 3A, GNR 2023-066
3618AK4S6, CR5333C, 1539670.00, 3A, GNR 2023-066
3618BAQJ3, CT4957C, 1087241.00, 3A, GNR 2023-066
3618AK4R8, CR5332C, 1413318.00, 3A, GNR 2023-066
3618BAQL8, CT4959C, 1289655.00, 3A, GNR 2023-066
3618B2RS0, CS8597C, 1186350.00, 3A, GNR 2023-066
3618AK5G1, CR5347C, 1763399.00, 3A, GNR 2023-066
3618ALAH1, CR5408C, 1784019.00, 3A, GNR 2023-066
3618AK4T4, CR5334C, 1001202.00, 3A, GNR 2023-066
3618BPEU8, CU5547C, 4075080.00, 3A, GNR 2023-066
3618BLSE8, CU3217C, 2276652.00, 3A, GNR 2023-066
3618B3FY8, CS9183C, 1164839.00, 3A, GNR 2023-066
3618B9KJ2, CT3897C, 113086.00, 3A, GNR 2023-066
3618BMCB9, CU3666C, 1008045.00, 3A, GNR 2023-066
3618BDQF5, CT7654C, 1124972.00, 3B, GNR 2023-066
3618BNYC1, CU5207C, 1106495.00, 3B, GNR 2023-066
3618BJ2W1, CU1689C, 1942099.00, 3B, GNR 2023-066
3618BAPB1, CT4918C, 1662975.00, 3B, GNR 2023-066
3618AYYS3, CS6121C, 1268254.00, 3B, GNR 2023-066
3618ALAV0, CR5420C, 2078368.00, 3B, GNR 2023-066
3618BMCH6, CU3672C, 1035198.00, 3B, GNR 2023-066
3618BQBH8, CU6340C, 3068410.00, 3B, GNR 2023-066
3618BQCK0, CU6374C, 1039823.00, 3B, GNR 2023-066
3618ALAW8, CR5421C, 2335853.00, 3B, GNR 2023-066
3618B2RT8, CS8598C, 1626958.00, 3B, GNR 2023-066
3618BJ2X9, CU1690C, 2336137.00, 3B, GNR 2023-066
3618BQBJ4, CU6341C, 3049012.00, 3B, GNR 2023-066
3618AYYT1, CS6122C, 1579094.00, 3B, GNR 2023-066
3618BQVL7, CU6919C, 1025856.00, 3B, GNR 2023-066
3618B2RR2, CS8596C, 2598981.00, 3B, GNR 2023-066
3618B8F27, CT2885C, 1557702.00, 3B, GNR 2023-066
3618BC3X3, CT7114C, 1188439.00, 3B, GNR 2023-066
3618B2RU5, CS8599C, 2098021.00, 3B, GNR 2023-066
3618BQBL9, CU6343C, 4982367.00, 3B, GNR 2023-066
3618BB4D8, CT6220C, 2355672.00, 3B, GNR 2023-066
3618BH2R6, CU0784C, 5008582.00, 3B, GNR 2023-066
3618BCGN1, CT6505C, 3342730.00, 3B, GNR 2023-066
3618BL5C7, CU3543C, 1131765.00, 3C, GNR 2023-066
3618BEK51, CT8416C, 1296781.00, 3C, GNR 2023-066
3618BSBF8, CU8138C, 2078761.00, 3C, GNR 2023-066
3618BPC48, CU5491C, 2796499.00, 3C, GNR 2023-066
3618BKRJ0, CU2289C, 2751978.00, 3C, GNR 2023-066
3618B2R84, CS8611C, 1080216.00, 3C, GNR 2023-066
3618B8FZ4, CT2884C, 1256763.00, 3C, GNR 2023-066
3617FPXC5, CP0675C, 1170737.00, 3C, GNR 2023-066
3618BPCF3, CU5470C, 3401378.00, 3C, GNR 2023-066
3618BQV60, CU6937C, 1136322.00, 3C, GNR 2023-066
3618BKT58, CU2372C, 1295165.00, 3C, GNR 2023-066
3618AWC36, CS3690C, 3598804.00, 3C, GNR 2023-066
3618BQEP7, CU6442C, 2973786.00, 3C, GNR 2023-066
3618BMLL7, CU3931C, 1030842.00, 3C, GNR 2023-066
3618BQCJ3, CU6373C, 3026214.00, 3C, GNR 2023-066
3618BH2N5, CU0781C, 17268414.00, 3D, GNR 2023-066
3618BFFW5, CT9181C, 1240121.00, 3D, GNR 2023-066
3618BSBG6, CU8139C, 4533949.00, 3D, GNR 2023-066
3618BFZ78, CT9766C, 1026063.00, 3D, GNR 2023-066
3618AP2K4, CR8878C, 1702433.00, 3D, GNR 2023-066
3618BAPE5, CT4921C, 2549501.00, 3D, GNR 2023-066
3618BFZ86, CT9767C, 1348161.00, 3D, GNR 2023-066
3618B2R92, CS8612C, 1130362.00, 3D, GNR 2023-066
3618BK6Q7, CU2679C, 1361126.00, 3D, GNR 2023-066
3618ALA73, CR5430C, 1666642.00, 3D, GNR 2023-066
3618BAPG0, CT4923C, 1417553.00, 3D, GNR 2023-066
3618BAQT1, CT4966C, 1435597.00, 3D, GNR 2023-066
3618BB4C0, CT6219C, 1668223.00, 3D, GNR 2023-066
3618AK7G9, CR5395C, 2623647.00, 3D, GNR 2023-066
3618BQBM7, CU6344C, 2951936.00, 3D, GNR 2023-066
3618ALAJ7, CR5409C, 3176101.00, 3D, GNR 2023-066
3618BQBN5, CU6345C, 3960413.00, 3D, GNR 2023-066
3618BFZ94, CT9768C, 1041290.00, 3D, GNR 2023-066
3618B2SA8, CS8613C, 1230302.00, 3D, GNR 2023-066
3618BJ2Y7, CU1691C, 1232058.00, 3D, GNR 2023-066
3618AK5A4, CR5341C, 2317059.00, 3D, GNR 2023-066
3618ALA81, CR5431C, 3457345.00, 3D, GNR 2023-066
3618B73W6, CT2613C, 3018289.00, 3D, GNR 2023-066
3618B73X4, CT2614C, 3393075.00, 3D, GNR 2023-066
3618B73Y2, CT2615C, 2826481.00, 3D, GNR 2023-066
3618B73Z9, CT2616C, 4462178.00, 3D, GNR 2023-066
3618BMLM5, CU3932C, 1988706.00, 3D, GNR 2023-066
3618BKT66, CU2373C, 1066987.00, 3D, GNR 2023-066
3618AS3X9, CS0814C, 1398131.00, 3D, GNR 2023-066
3618BQVE3, CU6913C, 1039823.00, 3D, GNR 2023-066
3618BQCD6, CU6368C, 7098186.00, 3D, GNR 2023-066
3618BQCJ3, CU6373C, 342185.00, 3D, GNR 2023-066
3618BQCK0, CU6374C, 2993609.00, 3D, GNR 2023-066
3618BCGN1, CT6505C, 3653947.00, 3E, GNR 2023-066
3618B1VR9, CS7824C, 3673431.00, 3E, GNR 2023-066
36179XVG8, MA8715M, 5747396.00, 4, GNR 2023-066
36179XXS0, MA8789M, 14466563.00, 4, GNR 2023-066
36179XZ82, MA8867M, 10000000.00, 4, GNR 2023-066
3617F5A67, CN5429C, 4070463.00, 5, GNR 2023-066
3617FU6H3, CP5372C, 1039739.00, 5, GNR 2023-066
3617FYMD6, CP8456C, 1780587.00, 5, GNR 2023-066
3618A8YY7, CQ6127C, 5033875.00, 5, GNR 2023-066
3618AGCP2, CR1878C, 2009804.00, 5, GNR 2023-066
3618AGCQ0, CR1879C, 1870260.00, 5, GNR 2023-066
3618AK7F1, CR5394C, 2228821.00, 5, GNR 2023-066
3618AKZX1, CR5258C, 1939954.00, 5, GNR 2023-066
3618ASHZ9, CS0248C, 3031052.00, 5, GNR 2023-066
3618ATBX8, CS0954C, 1193402.00, 5, GNR 2023-066
3618AVEZ5, CS2852C, 1947831.00, 5, GNR 2023-066
3618AWAV6, CS3620C, 1040604.00, 5, GNR 2023-066
3618AX2M3, CS5280C, 1901426.00, 5, GNR 2023-066
3618AXUH3, CS5084C, 1051078.00, 5, GNR 2023-066
3618AYTZ3, CS5968C, 1023882.00, 5, GNR 2023-066
3618AYX70, CS6102C, 1187697.00, 5, GNR 2023-066
3618B1MD0, CS7556C, 8149840.00, 5, GNR 2023-066
3618B1UP4, CS7790C, 8195397.00, 5, GNR 2023-066
3618B2P52, CS8544C, 1168937.00, 5, GNR 2023-066
3618B2WT2, CS8758C, 4552346.00, 5, GNR 2023-066
3618B5AX0, CT0022C, 7073242.00, 5, GNR 2023-066
3618B9HQ0, CT3839C, 1144122.00, 5, GNR 2023-066
3618B9QX5, CT4070C, 3001840.00, 5, GNR 2023-066
3618BA3G4, CT5299C, 3664337.00, 5, GNR 2023-066
3618BC2F3, CT7074C, 1253966.00, 5, GNR 2023-066
3618BC3Y1, CT7115C, 1795621.00, 5, GNR 2023-066
3618BD5V3, CT8060C, 1475023.00, 5, GNR 2023-066
3618BD6K6, CT8074C, 2331065.00, 5, GNR 2023-066
3618BFZB9, CT9738C, 1005806.00, 5, GNR 2023-066
3618BHXY7, CU0695C, 3773325.00, 5, GNR 2023-066
3618BHXZ4, CU0696C, 1106091.00, 5, GNR 2023-066
3618BKPY9, CU2239C, 1067024.00, 5, GNR 2023-066
3618BLLC9, CU3023C, 4201354.00, 5, GNR 2023-066
3618BLRQ2, CU3195C, 1813713.00, 5, GNR 2023-066
3618BNSJ3, CU5021C, 3177376.00, 5, GNR 2023-066
3618BP7E2, CU6293C, 5904539.00, 5, GNR 2023-066
3618BPEP9, CU5542C, 4426858.00, 5, GNR 2023-066
3618BQA89, CU6331C, 3943726.00, 5, GNR 2023-066
3618BSA93, CU8132C, 2300500.00, 5, GNR 2023-066
3618BPCD8, CU5468C, 2953504.00, 6A, GNR 2023-066
3618BTCY4, CU9087C, 1903322.00, 6A, GNR 2023-066
3618BHX43, CU0699C, 1079829.00, 6A, GNR 2023-066
3618B2RV3, CS8600C, 1227722.00, 6A, GNR 2023-066
3618AWHZ0, CS3848C, 198284.00, 6A, GNR 2023-066
3618AKZN3, CR5249C, 328115.00, 6A, GNR 2023-066
3618BPER5, CU5544C, 4014928.00, 6A, GNR 2023-066
3618B9HZ0, CT3848C, 465996.00, 6A, GNR 2023-066
3618BDP74, CT7646C, 1601721.00, 6A, GNR 2023-066
3618B2RW1, CS8601C, 1123969.00, 6A, GNR 2023-066
3617FYQK6, CP8558C, 1006431.00, 6A, GNR 2023-066
3618BC3Q8, CT7107C, 1065044.00, 6A, GNR 2023-066
3618BEC50, CT8192C, 343901.00, 6A, GNR 2023-066
3618APWR6, CR8756C, 1005407.00, 6A, GNR 2023-066
3618BB5A3, CT6241C, 1779213.00, 6A, GNR 2023-066
3618BFER7, CT9144C, 1455115.00, 6A, GNR 2023-066
3618BJ2C5, CU1671C, 1012155.00, 6A, GNR 2023-066
3618BMB95, CU3664C, 1116461.00, 6A, GNR 2023-066
3618BK2P3, CU2582C, 1281159.00, 6A, GNR 2023-066
3618B2RX9, CS8602C, 1298587.00, 6A, GNR 2023-066
3618BD6H3, CT8072C, 1313376.00, 6A, GNR 2023-066
3618BPC30, CU5490C, 5070951.00, 6A, GNR 2023-066
3618B2RG6, CS8587C, 1313662.00, 6A, GNR 2023-066
3618ABKF6, CQ8394C, 199181.00, 6A, GNR 2023-066
3618ALAE8, CR5405C, 2651855.00, 6A, GNR 2023-066
3618BAQN4, CT4961C, 1490803.00, 6A, GNR 2023-066
3618B9S70, CT4142C, 308260.00, 6A, GNR 2023-066
3618BHX84, CU0703C, 5845482.00, 6A, GNR 2023-066
3618B9D68, CT3725C, 1398222.00, 6A, GNR 2023-066
3618B93M4, CT4404C, 721087.00, 6A, GNR 2023-066
3618B2RH4, CS8588C, 1054332.00, 6A, GNR 2023-066
3618BNX32, CU5198C, 5948668.00, 6A, GNR 2023-066
3618BAPD7, CT4920C, 3421206.00, 6A, GNR 2023-066
3618BPXH6, CU6080C, 1055696.00, 6A, GNR 2023-066
3618B9S62, CT4141C, 509512.00, 6A, GNR 2023-066
3618BPCE6, CU5469C, 6378441.00, 6A, GNR 2023-066
3618BEKZ5, CT8412C, 2109392.00, 6A, GNR 2023-066
3618A05D2, CP9844C, 1967303.00, 6A, GNR 2023-066
3618BPXJ2, CU6081C, 1651613.00, 6A, GNR 2023-066
3618AJG23, CR3817C, 301188.00, 6A, GNR 2023-066
3618BQAF3, CU6306C, 869313.00, 6A, GNR 2023-066
3618BNX57, CU5200C, 8562879.00, 6A, GNR 2023-066
3618ABLP3, CQ8434C, 1198545.00, 6A, GNR 2023-066
3618BTC24, CU9089C, 1829620.00, 6A, GNR 2023-066
3618BLZQ3, CU3451C, 2107648.00, 6A, GNR 2023-066
3618BB4W6, CT6237C, 1607554.00, 6A, GNR 2023-066
3618B2RP6, CS8594C, 1424646.00, 6A, GNR 2023-066
3618BQCB0, CU6366C, 6032358.00, 6A, GNR 2023-066
3618BPXN3, CU6085C, 1056626.00, 6A, GNR 2023-066
3618BP7H5, CU6296C, 25358922.00, 6A, GNR 2023-066
3618BDGS8, CT7409C, 15848943.00, 6A, GNR 2023-066
3618B92V5, CT4388C, 1849333.00, 6A, GNR 2023-066
3618BLZJ9, CU3445C, 1347143.00, 6A, GNR 2023-066
3618B9HY3, CT3847C, 1001082.00, 6B, GNR 2023-066
3618AXZX3, CS5258C, 225434.00, 6B, GNR 2023-066
3618AWH23, CS3849C, 192917.00, 6B, GNR 2023-066
3618AYTR1, CS5960C, 194627.00, 6B, GNR 2023-066
3618ABD49, CQ8223C, 1072188.00, 6B, GNR 2023-066
3618BFZV5, CT9756C, 1193772.00, 6B, GNR 2023-066
3618B9S54, CT4140C, 262632.00, 6B, GNR 2023-066
3618B2RF8, CS8586C, 1080948.00, 6B, GNR 2023-066
3618B93J1, CT4401C, 813676.00, 6B, GNR 2023-066
3618AK5F3, CR5346C, 1288730.00, 6B, GNR 2023-066
3618B9H23, CT3849C, 542846.00, 6B, GNR 2023-066
3618BPES3, CU5545C, 3905199.00, 6B, GNR 2023-066
3618B92S2, CT4385C, 827386.00, 6B, GNR 2023-066
3618BAPA3, CT4917C, 2785224.00, 6B, GNR 2023-066
3618AK3V0, CR5312C, 269438.00, 6B, GNR 2023-066
3618BNX65, CU5201C, 3550295.00, 6B, GNR 2023-066
3618BGAG3, CT9907C, 571711.00, 6B, GNR 2023-066
3618AWH31, CS3850C, 220227.00, 6B, GNR 2023-066
3618AYTS9, CS5961C, 386839.00, 6B, GNR 2023-066
3618ALAF5, CR5406C, 1934726.00, 6B, GNR 2023-066
3618BE4S9, CT8933C, 2205907.00, 6B, GNR 2023-066
3618ABD56, CQ8224C, 1504535.00, 6B, GNR 2023-066
3618BAPF2, CT4922C, 2338184.00, 6B, GNR 2023-066
3618BQBD7, CU6336C, 4020980.00, 6B, GNR 2023-066
3618BNX40, CU5199C, 1489809.00, 6B, GNR 2023-066
3618BFZW3, CT9757C, 2451317.00, 6B, GNR 2023-066
3618BHX92, CU0704C, 1269141.00, 6B, GNR 2023-066
3618BDQD0, CT7652C, 2158914.00, 6B, GNR 2023-066
3618BPCD8, CU5468C, 258496.00, 6B, GNR 2023-066
38381XDY9, GN-2019-090-FA, 49895000.00, 7, GNR 2023-066
38381XEA0, GN-2019-090-SA, 49895000.00, 7, GNR 2023-066
36179XX76, MA8802M, 75153125.00, 8A, GNR 2023-066
36179X2M7, MA8880M, 200000000.00, 8B, GNR 2023-066
3618BAFF3, CT4666C, 8476772.00, 9, GNR 2023-066
3618BAFG1, CT4667C, 3014106.00, 9, GNR 2023-066
3618BB4E6, CT6221C, 1206198.00, 9, GNR 2023-066
3618BDG58, CT7420C, 3303734.00, 9, GNR 2023-066
3618BDKX2, CT7510C, 10011232.00, 9, GNR 2023-066
3618BDLB9, CT7522C, 20002866.00, 9, GNR 2023-066
3618BDLC7, CT7523C, 13229346.00, 9, GNR 2023-066
3618BDLH6, CT7528C, 2802516.00, 9, GNR 2023-066
3618BFQQ6, CT9463C, 486044.00, 9, GNR 2023-066
3618BQV94, CU6940C, 1567090.00, 9, GNR 2023-066
3618BTVX5, CU9630C, 876680.00, 9, GNR 2023-066
38379EXE7, GN-2014-115-DS, 59420110.00, 10A, GNR 2023-066
38379E2S0, GN-2014-131-HS, 23127797.00, 10A, GNR 2023-066
38380TXA9, GN-2017-114-SP, 54420617.00, 10A, GNR 2023-066
38380HFA5, GN-2017-139-SB, 45938677.00, 10A, GNR 2023-066
38382HFY1, GN-2020-102-KS, 21686274.00, 10A, GNR 2023-066
38382HFX3, GN-2020-102-SK, 40410725.00, 10A, GNR 2023-066
38379KKD9, GN-2015-046-SP, 63660000.00, 10B, GNR 2023-066
38379VEC4, GN-2016-020-SN, 27654765.00, 11A, GNR 2023-066
38379XAY6, GN-2016-068-SB, 42571431.00, 11A, GNR 2023-066
38380AZ75, GN-2016-147-SE, 24097212.00, 11A, GNR 2023-066
38381WQB7, GN-2019-069-SK, 36666666.00, 11A, GNR 2023-066
38381XAE6, GN-2019-083-SA, 29914142.00, 11A, GNR 2023-066
38381XBB1, GN-2019-083-SW, 12559000.00, 11A, GNR 2023-066
38381YVS0, GN-2019-115-SW, 96800000.00, 11A, GNR 2023-066
38381YND2, GN-2019-111-AS, 17350009.00, 11B, GNR 2023-066
3618BKRG6, CU2287C, 1640501.00, 12, GNR 2023-066
3618BHX27, CU0697C, 1375176.00, 12, GNR 2023-066
3618BHX35, CU0698C, 1012385.00, 12, GNR 2023-066
3618BHX50, CU0700C, 1944380.00, 12, GNR 2023-066
3618BKRB7, CU2282C, 3662402.00, 12, GNR 2023-066
3618BKRF8, CU2286C, 3476865.00, 12, GNR 2023-066
3618BHX76, CU0702C, 2219876.00, 12, GNR 2023-066
3617FYDB0, CP8198C, 492026.00, 12, GNR 2023-066
3618B6VW7, CT1529C, 1198439.00, 12, GNR 2023-066
3618AKJ92, CR4788C, 1620165.00, 12, GNR 2023-066
3618AKJ84, CR4787C, 1116900.00, 12, GNR 2023-066
3618ASL35, CS0346C, 1418609.00, 12, GNR 2023-066
3618AQQK6, CR9458C, 1398269.00, 12, GNR 2023-066
3618AAL34, CQ7546C, 1061853.00, 12, GNR 2023-066
3618AMQX7, CR6770C, 3363718.00, 12, GNR 2023-066
3617FU4R3, CP5332C, 1691343.00, 12, GNR 2023-066
3618ASB93, CS0064C, 5002819.00, 12, GNR 2023-066
3618ANJJ4, CR7465C, 1771019.00, 12, GNR 2023-066
3618ASUM3, CS0588C, 1418237.00, 12, GNR 2023-066
3618ARCD5, CR9968C, 1494854.00, 12, GNR 2023-066
3617YVZ39, CM9762C, 1228666.00, 12, GNR 2023-066
3618AGB81, CR1863C, 2937989.00, 12, GNR 2023-066
3618AQK30, CR9314C, 1319671.00, 12, GNR 2023-066
3617FYGG6, CP8299C, 1113690.00, 12, GNR 2023-066
3618B9SD7, CT4116C, 4955076.00, 12, GNR 2023-066
3618AVQU3, CS3167C, 4407895.00, 12, GNR 2023-066
3618AH6B8, CR3566C, 2718900.00, 12, GNR 2023-066
3618ANJH8, CR7464C, 3618643.00, 12, GNR 2023-066
3618B3QP5, CS9462C, 1034230.00, 12, GNR 2023-066
3618B0BG7, CS6339C, 1600807.00, 12, GNR 2023-066
3617FXES4, CP7345C, 1599100.00, 12, GNR 2023-066
3618ASLY7, CS0343C, 1060797.00, 12, GNR 2023-066
3617FXEQ8, CP7343C, 1299215.00, 12, GNR 2023-066
3618AUG44, CS2019C, 1995720.00, 12, GNR 2023-066
3618B0BJ1, CS6341C, 1058233.00, 12, GNR 2023-066
3617F3ZV0, CN4356C, 1270327.00, 12, GNR 2023-066
3618AJ3C5, CR4395C, 1285719.00, 12, GNR 2023-066
3618B6WH9, CT1548C, 1305238.00, 12, GNR 2023-066
3618B3QQ3, CS9463C, 2286455.00, 12, GNR 2023-066
3618B1HQ7, CS7439C, 15232645.00, 12, GNR 2023-066
3618AKUX6, CR5098C, 2230426.00, 12, GNR 2023-066
3618AMKA3, CR6589C, 2043361.00, 12, GNR 2023-066
3618B3QS9, CS9465C, 1632345.00, 12, GNR 2023-066
3618APET2, CR8246C, 1026632.00, 12, GNR 2023-066
3618ANJG0, CR7463C, 1814886.00, 12, GNR 2023-066
3618ASHN6, CS0237C, 1516660.00, 12, GNR 2023-066
3618B0QB2, CS6750C, 5119947.00, 12, GNR 2023-066
3618AQQT7, CR9466C, 1409100.00, 12, GNR 2023-066
3618AH6G7, CR3571C, 1935859.00, 12, GNR 2023-066
3617FYC88, CP8195C, 1077312.00, 12, GNR 2023-066
3618AQKZ9, CR9312C, 1089043.00, 12, GNR 2023-066
3617FU7H2, CP5396C, 1940712.00, 12, GNR 2023-066
3618AHLG0, CR3027C, 5056515.00, 12, GNR 2023-066
3618AJ3B7, CR4394C, 1071218.00, 12, GNR 2023-066
3617FXER6, CP7344C, 1382514.00, 12, GNR 2023-066
3618AMY75, CR7034C, 1758241.00, 12, GNR 2023-066
3618AUG51, CS2020C, 1034145.00, 12, GNR 2023-066
3618ANLN2, CR7533C, 1188398.00, 12, GNR 2023-066
3618ALGY8, CR5615C, 1077255.00, 12, GNR 2023-066
3618AMY59, CR7032C, 1659376.00, 12, GNR 2023-066
3617FYGZ4, CP8316C, 1089373.00, 12, GNR 2023-066
3618ANA79, CR7230C, 2064872.00, 12, GNR 2023-066
3618A9FY6, CQ6483C, 3930195.00, 12, GNR 2023-066
3617FYFH5, CP8268C, 1286702.00, 12, GNR 2023-066
3618A9AP0, CQ6314C, 3582948.00, 12, GNR 2023-066
3618AX6Q0, CS5379C, 4635961.00, 12, GNR 2023-066
3618ANLP7, CR7534C, 2444738.00, 12, GNR 2023-066
3618ANLL6, CR7531C, 1309724.00, 12, GNR 2023-066
3618B0K36, CS6614C, 1181601.00, 12, GNR 2023-066
3618ALGZ5, CR5616C, 1059432.00, 12, GNR 2023-066
3618ANA61, CR7229C, 1243686.00, 12, GNR 2023-066
3618AUGV4, CS2012C, 1126838.00, 12, GNR 2023-066
3618AGB73, CR1862C, 1885093.00, 12, GNR 2023-066
3618AGCS6, CR1881C, 1706307.00, 12, GNR 2023-066
3618A7GS2, CQ4709C, 1547266.00, 12, GNR 2023-066
3618A3BT4, CQ0950C, 1053801.00, 12, GNR 2023-066
3618AKNZ9, CR4908C, 2026188.00, 12, GNR 2023-066
3618AMY26, CR7029C, 1058669.00, 12, GNR 2023-066
3618AQK22, CR9313C, 1036429.00, 12, GNR 2023-066
3618AJ6D0, CR4468C, 1212449.00, 12, GNR 2023-066
3618AJ7B3, CR4490C, 1005086.00, 12, GNR 2023-066
3618AGPQ6, CR2231C, 1387201.00, 12, GNR 2023-066
38383WCZ7, GN-2023-024-CZ, 416529.00, 13, GNR 2023-066
38383XBC7, GN-2023-043-PZ, 387000.00, 13, GNR 2023-066
38383XBV5, GN-2023-043-ZL, 871102.00, 13, GNR 2023-066
38383XN42, GN-2023-056-LZ, 871102.00, 13, GNR 2023-066
3618A4RQ1, CQ2295C, 40277.00, T, GNR 2023-066
3618AUUN6, CS2389C, 22270210.00, 1, GNR 2023-067
3618BAFK2, CT4670C, 7448134.00, 1, GNR 2023-067
3618BAFL0, CT4671C, 1489860.00, 1, GNR 2023-067
3618BEVK6, CT8718C, 4389531.00, 1, GNR 2023-067
3618ANA87, CR7231C, 1745736.00, 2, GNR 2023-067
3618AQSQ1, CR9527C, 1251959.00, 2, GNR 2023-067
3618AXHX3, CS4746C, 1299081.00, 2, GNR 2023-067
3618B0LC5, CS6623C, 1428575.00, 2, GNR 2023-067
3618B6VM9, CT1520C, 1021000.00, 2, GNR 2023-067
3618B6VT4, CT1526C, 1522314.00, 2, GNR 2023-067
3618B9GG3, CT3799C, 2538082.00, 2, GNR 2023-067
3618BCK63, CT6617C, 1285894.00, 2, GNR 2023-067
3618BDA39, CT7226C, 6997705.00, 2, GNR 2023-067
3618AK5J5, CR5349C, 2582496.00, 3, GNR 2023-067
3618ALCX4, CR5486C, 1892537.00, 3, GNR 2023-067
3618ALCY2, CR5487C, 3149792.00, 3, GNR 2023-067
3618BB4N6, CT6229C, 3587522.00, 3, GNR 2023-067
3618BB5F2, CT6246C, 2180992.00, 3, GNR 2023-067
3618BCNN3, CT6697C, 1059319.00, 3, GNR 2023-067
3618BDG33, CT7418C, 19759716.00, 3, GNR 2023-067
3618BFYW4, CT9725C, 1110245.00, 3, GNR 2023-067
3618BL4N4, CU3529C, 2241796.00, 3, GNR 2023-067
3618BM5A9, CU4441C, 1696592.00, 3, GNR 2023-067
3618BNJP9, CU4770C, 1664476.00, 3, GNR 2023-067
3618BNQX4, CU4970C, 2591835.00, 3, GNR 2023-067
3618BPXB9, CU6074C, 1055698.00, 3, GNR 2023-067
3618BQVR4, CU6924C, 1040141.00, 3, GNR 2023-067
3618BSFK3, CU8270C, 1932114.00, 3, GNR 2023-067
3618BS4C3, CU8919C, 1372903.00, 3, GNR 2023-067
3618BS4D1, CU8920C, 1083862.00, 3, GNR 2023-067
36179X2N5, MA8881M, 100000000.00, 4, GNR 2023-067
36179XX84, MA8803M, 100290201.00, 5, GNR 2023-067
38382XGP4, GN-2021-139-WA, 1500000.00, 6A, GNR 2023-067
38383HSC4, GN-2023-005-MI, 708333.00, 6B, GNR 2023-067
38382UP21, GN-2021-119-IT, 1075000.00, 6C, GNR 2023-067
38383RGF8, GN-2022-066-CI, 12032124.00, 7, GNR 2023-067
38383RJR9, GN-2022-066-JI, 4362371.00, 7, GNR 2023-067
38383FHR7, GN-2021-223-P, 8152000.00, 8A, GNR 2023-067
38382VJT7, GN-2021-097-EC, 2000000.00, 8B, GNR 2023-067
3618AM6G6, CR7171C, 1382000.00, 9, GNR 2023-067
3618AXJG8, CS4763C, 1056640.00, 9, GNR 2023-067
3618BAYV7, CT5224C, 1058961.00, 9, GNR 2023-067
3618BCKX4, CT6610C, 1076341.00, 9, GNR 2023-067
3618BEVK6, CT8718C, 6384538.00, 9, GNR 2023-067
3618BFV64, CT9637C, 1206789.00, 9, GNR 2023-067
3618BMB61, CU3661C, 1178592.00, 9, GNR 2023-067
36179X2M7, MA8880M, 273901705.00, 10, GNR 2023-067
3618AYT91, CS5976C, 1153003.00, 11, GNR 2023-067
3618AY2W9, CS6189C, 1438911.00, 11, GNR 2023-067
3618B1VQ1, CS7823C, 1151060.00, 11, GNR 2023-067
3618B2VG1, CS8715C, 1359053.00, 11, GNR 2023-067
3618B9JM7, CT3868C, 1939645.00, 11, GNR 2023-067
3618BAMC2, CT4855C, 1739583.00, 11, GNR 2023-067
3618BAMH1, CT4860C, 1102866.00, 11, GNR 2023-067
3618BAMK4, CT4862C, 2288485.00, 11, GNR 2023-067
3618BAMN8, CT4865C, 1871266.00, 11, GNR 2023-067
3618BAMQ1, CT4867C, 2741821.00, 11, GNR 2023-067
3618BAMT5, CT4870C, 2401427.00, 11, GNR 2023-067
3618BB5B1, CT6242C, 2391932.00, 11, GNR 2023-067
3618BFZX1, CT9758C, 1161972.00, 11, GNR 2023-067
3618BL4K0, CU3526C, 8903196.00, 11, GNR 2023-067
3618BMVT9, CU4226C, 2585345.00, 11, GNR 2023-067
3618BMVU6, CU4227C, 2608903.00, 11, GNR 2023-067
3618BNLR2, CU4836C, 5208753.00, 11, GNR 2023-067
3618BNLS0, CU4837C, 2281702.00, 11, GNR 2023-067
3618BNLT8, CU4838C, 3684095.00, 11, GNR 2023-067
3618BNLU5, CU4839C, 4622047.00, 11, GNR 2023-067
3618BPDZ8, CU5520C, 1908357.00, 11, GNR 2023-067
3618BSFA5, CU8261C, 1111117.00, 11, GNR 2023-067
3618BSFE7, CU8265C, 1905256.00, 11, GNR 2023-067
3618BSFJ6, CU8269C, 1457391.00, 11, GNR 2023-067
3618BXC33, CV1890C, 1021998.00, 11, GNR 2023-067
3618B0VK6, CS6918C, 40171.00, T, GNR 2023-067
38383PRB9, GN-2022-046-FA, 130458307.00, 1, GNR 2023-068
38383PRC7, GN-2022-046-SA, 130458307.00, 1, GNR 2023-068
3618ASTK9, CS0554C, 1120996.00, 2, GNR 2023-068
3618BDFU4, CT7379C, 6100605.00, 2, GNR 2023-068
3618BFCP3, CT9078C, 3180500.00, 2, GNR 2023-068
3618BNQ63, CU4977C, 352523.00, 2, GNR 2023-068
3618BPFB9, CU5562C, 3709372.00, 2, GNR 2023-068
36179XX76, MA8802M, 3750000.00, 2, GNR 2023-068
3618A7WH8, CQ5148C, 13318054.00, 3, GNR 2023-068
3618AALY6, CQ7543C, 1508011.00, 3, GNR 2023-068
3618AATF9, CQ7750C, 1419000.00, 3, GNR 2023-068
3618AKUR9, CR5092C, 3530502.00, 3, GNR 2023-068
3618AMC61, CR6393C, 2973931.00, 3, GNR 2023-068
3618APTW9, CR8665C, 3154339.00, 3, GNR 2023-068
3618AQ5W3, CR9861C, 5402219.00, 3, GNR 2023-068
3618AUU97, CS2408C, 1291218.00, 3, GNR 2023-068
3618B8CS3, CT2781C, 1405493.00, 3, GNR 2023-068
3618B8ZV1, CT3456C, 8088194.00, 3, GNR 2023-068
3618BAF48, CT4687C, 1100413.00, 3, GNR 2023-068
3618BBSR1, CT5928C, 1163585.00, 3, GNR 2023-068
3618BB5J4, CT6249C, 4443715.00, 3, GNR 2023-068
3618BCK71, CT6618C, 1151563.00, 3, GNR 2023-068
3618BDP25, CT7641C, 2870010.00, 3, GNR 2023-068
3618BDP33, CT7642C, 3060199.00, 3, GNR 2023-068
3618BE5G4, CT8947C, 1036490.00, 3, GNR 2023-068
3618BKJN0, CU2069C, 2550686.00, 3, GNR 2023-068
3618BPFC7, CU5563C, 7662980.00, 3, GNR 2023-068
3618BPFD5, CU5564C, 3750844.00, 3, GNR 2023-068
36179X2P0, MA8882M, 20000000.00, 4, GNR 2023-068
36179X2M7, MA8880M, 50000000.00, 5, GNR 2023-068
36179X2M7, MA8880M, 50000000.00, 5, GNR 2023-068
36179X2M7, MA8880M, 25000000.00, 5, GNR 2023-068
36179XX84, MA8803M, 50000000.00, 6, GNR 2023-068
36179XX84, MA8803M, 145101.00, 6, GNR 2023-068
3622ACE63, 786557C, 50000000.00, 7, GNR 2023-068
3622ACE63, 786557C, 2472775.00, 7, GNR 2023-068
3617FK2D8, CO7972C, 1341992.00, 7, GNR 2023-068
3617FU4Z5, CP5340C, 1134476.00, 7, GNR 2023-068
3617FYGA9, CP8293C, 2091387.00, 7, GNR 2023-068
3617FYGC5, CP8295C, 1875125.00, 7, GNR 2023-068
3618A7VT3, CQ5126C, 7116567.00, 7, GNR 2023-068
3618A7VU0, CQ5127C, 543296.00, 7, GNR 2023-068
3618A9EG6, CQ6435C, 2064204.00, 7, GNR 2023-068
3618ABD23, CQ8221C, 1434036.00, 7, GNR 2023-068
3618AEFG4, CR0167C, 1929851.00, 7, GNR 2023-068
3618AGCA5, CR1865C, 1305208.00, 7, GNR 2023-068
3618AGCC1, CR1867C, 7541600.00, 7, GNR 2023-068
3618AGPG8, CR2223C, 235010.00, 7, GNR 2023-068
3618AJ4P5, CR4430C, 1050913.00, 7, GNR 2023-068
3618AJ6Q1, CR4479C, 1003217.00, 7, GNR 2023-068
3618AKML1, CR4863C, 1116073.00, 7, GNR 2023-068
3618AMF76, CR6490C, 488204.00, 7, GNR 2023-068
3618AMF84, CR6491C, 288063.00, 7, GNR 2023-068
3618AMF92, CR6492C, 609963.00, 7, GNR 2023-068
3618AMGA8, CR6493C, 2089607.00, 7, GNR 2023-068
3618AMGB6, CR6494C, 3859780.00, 7, GNR 2023-068
3618AMS72, CR6842C, 207532.00, 7, GNR 2023-068
3618AMZV1, CR7056C, 1460966.00, 7, GNR 2023-068
3618AMZW9, CR7057C, 3142719.00, 7, GNR 2023-068
3618AMZY5, CR7059C, 2225064.00, 7, GNR 2023-068
3618AM2W5, CR7089C, 1232005.00, 7, GNR 2023-068
3618ANLM4, CR7532C, 1181801.00, 7, GNR 2023-068
3618ANTB0, CR7746C, 1285283.00, 7, GNR 2023-068
3618ANTD6, CR7748C, 1199608.00, 7, GNR 2023-068
3618ANTL8, CR7755C, 1126267.00, 7, GNR 2023-068
3618AQNT0, CR9402C, 1055395.00, 7, GNR 2023-068
3618ASEE9, CS0133C, 15034270.00, 7, GNR 2023-068
3618ASEQ2, CS0143C, 9933964.00, 7, GNR 2023-068
3618ASK85, CS0319C, 1315015.00, 7, GNR 2023-068
3618ATWR8, CS1556C, 204687.00, 7, GNR 2023-068
3618ATWS6, CS1557C, 226406.00, 7, GNR 2023-068
3618ATWT4, CS1558C, 230392.00, 7, GNR 2023-068
3618AUGZ5, CS2016C, 2152891.00, 7, GNR 2023-068
3618AVDB9, CS2798C, 1646722.00, 7, GNR 2023-068
3618AWN75, CS4014C, 1448290.00, 7, GNR 2023-068
3618AWN91, CS4016C, 2849944.00, 7, GNR 2023-068
3618AXU34, CS5102C, 1311221.00, 7, GNR 2023-068
3618AX6U1, CS5383C, 456898.00, 7, GNR 2023-068
3618AX7B2, CS5390C, 4829088.00, 7, GNR 2023-068
3618AYL73, CS5750C, 2470748.00, 7, GNR 2023-068
3618AYL81, CS5751C, 1651227.00, 7, GNR 2023-068
3618AYL99, CS5752C, 13114946.00, 7, GNR 2023-068
3618B0AK9, CS6310C, 1063122.00, 7, GNR 2023-068
3618B0AP8, CS6314C, 1608707.00, 7, GNR 2023-068
3618B0MV2, CS6672C, 2492227.00, 7, GNR 2023-068
3618B0QN6, CS6761C, 606467.00, 7, GNR 2023-068
3618B0UC5, CS6879C, 1260797.00, 7, GNR 2023-068
3618B1JM4, CS7468C, 8068057.00, 7, GNR 2023-068
3618B1LN9, CS7533C, 13295345.00, 7, GNR 2023-068
3618B1M65, CS7581C, 6090174.00, 7, GNR 2023-068
3618B1PH8, CS7624C, 5049723.00, 7, GNR 2023-068
3618B2GU7, CS8311C, 5046356.00, 7, GNR 2023-068
3618B2GW3, CS8313C, 9490366.00, 7, GNR 2023-068
3618BAN49, CT4911C, 1088447.00, 7, GNR 2023-068
3618BAN56, CT4912C, 2093766.00, 7, GNR 2023-068
3618BAN72, CT4914C, 1833890.00, 7, GNR 2023-068
3618BAN80, CT4915C, 1622686.00, 7, GNR 2023-068
3618BDFN0, CT7373C, 1020939.00, 7, GNR 2023-068
3618BDFQ3, CT7375C, 2235133.00, 7, GNR 2023-068
3618BDFR1, CT7376C, 1037763.00, 7, GNR 2023-068
3618BDFS9, CT7377C, 4253187.00, 7, GNR 2023-068
3618BDFT7, CT7378C, 1434072.00, 7, GNR 2023-068
3618BFYJ3, CT9713C, 1082675.00, 7, GNR 2023-068
3618BFYK0, CT9714C, 2357697.00, 7, GNR 2023-068
3618BFYL8, CT9715C, 2629646.00, 7, GNR 2023-068
3618BFYM6, CT9716C, 2608345.00, 7, GNR 2023-068
3618BFYN4, CT9717C, 1164744.00, 7, GNR 2023-068
3618BLR90, CU3212C, 4922618.00, 7, GNR 2023-068
3618BMND3, CU3988C, 1100009.00, 7, GNR 2023-068
3618BMNE1, CU3989C, 1055314.00, 7, GNR 2023-068
3618BNQV8, CU4968C, 1305079.00, 7, GNR 2023-068
3618BNQ48, CU4975C, 7179783.00, 7, GNR 2023-068
3618BN6A6, CU5365C, 1320334.00, 7, GNR 2023-068
3618BN6B4, CU5366C, 1919978.00, 7, GNR 2023-068
3618BSBA9, CU8133C, 1629386.00, 7, GNR 2023-068
3618BSBB7, CU8134C, 2081635.00, 7, GNR 2023-068
3618BSBC5, CU8135C, 7125294.00, 7, GNR 2023-068
3618BSBD3, CU8136C, 2978157.00, 7, GNR 2023-068
3618BSBE1, CU8137C, 2382859.00, 7, GNR 2023-068
3618BSCB6, CU8166C, 2216558.00, 7, GNR 2023-068
3618BSCC4, CU8167C, 2370344.00, 7, GNR 2023-068
36179X2N5, MA8881M, 50000000.00, 8, GNR 2023-068
36179X2N5, MA8881M, 6072517.00, 8, GNR 2023-068
36179X2N5, MA8881M, 50000000.00, 8, GNR 2023-068
36179X2N5, MA8881M, 18927483.00, 8, GNR 2023-068
36179XX84, MA8803M, 50000000.00, 9, GNR 2023-068
36179XX84, MA8803M, 50000000.00, 9, GNR 2023-068
36179XX84, MA8803M, 290201.00, 9, GNR 2023-068
36179X2M7, MA8880M, 50000000.00, 11, GNR 2023-068
36179X2M7, MA8880M, 50000000.00, 11, GNR 2023-068
36179X2M7, MA8880M, 25000000.00, 11, GNR 2023-068
36179X2M7, MA8880M, 50000000.00, 12, GNR 2023-068
36179X2M7, MA8880M, 50000000.00, 12, GNR 2023-068
36179X2M7, MA8880M, 46086532.00, 12, GNR 2023-068
3618BEU35, CT8702C, 11392847.00, 13, GNR 2023-068
3618BKJM2, CU2068C, 24684087.00, 13, GNR 2023-068
3618BLTL1, CU3255C, 3619161.00, 13, GNR 2023-068
3618BNQ63, CU4977C, 199711.00, 13, GNR 2023-068
3618AXPC0, CS4919C, 411581.00, 14, GNR 2023-068
3618AY6G0, CS6271C, 380397.00, 14, GNR 2023-068
3618B1VV0, CS7828C, 7818354.00, 14, GNR 2023-068
3618BBZZ5, CT6160C, 172361.00, 14, GNR 2023-068
3618BHST4, CU0530C, 239856.00, 14, GNR 2023-068
3618BK5B1, CU2642C, 57494.00, 14, GNR 2023-068
3618BK5R6, CU2656C, 53648.00, 14, GNR 2023-068
3618BNJB0, CU4758C, 943413.00, 14, GNR 2023-068
36202CMR1, 2168M, 255000.00, 10A, GNR 2023-068
36202CPA5, 2217M, 50000.00, 10A, GNR 2023-068
36202CW82, 2471M, 3468431.00, 10A, GNR 2023-068
36202CXL2, 2483M, 229300.00, 10A, GNR 2023-068
36202CXZ1, 2496M, 500000.00, 10A, GNR 2023-068
36202CYF4, 2510M, 1345000.00, 10A, GNR 2023-068
36202CYT4, 2522M, 420750.00, 10A, GNR 2023-068
36202CZ55, 2564M, 5195000.00, 10A, GNR 2023-068
36202C2Y8, 2591M, 2570000.00, 10A, GNR 2023-068
36202C3M3, 2604M, 6267986.00, 10A, GNR 2023-068
36202C3Z4, 2616M, 14206185.00, 10A, GNR 2023-068
36202C4Q3, 2631M, 6456666.00, 10A, GNR 2023-068
36202C5E9, 2645M, 10613000.00, 10A, GNR 2023-068
36202C5U3, 2659M, 1206463.00, 10A, GNR 2023-068
36202C7B3, 2690M, 8724000.00, 10A, GNR 2023-068
36202DAB7, 2702M, 660000.00, 10A, GNR 2023-068
36202DAR2, 2716M, 3911970.00, 10A, GNR 2023-068
36202DA76, 2730M, 10695769.00, 10A, GNR 2023-068
36202DBY6, 2755M, 1120879.00, 10A, GNR 2023-068
36202DCD1, 2768M, 7000000.00, 10A, GNR 2023-068
36202DCU3, 2783M, 500000.00, 10A, GNR 2023-068
36202DC90, 2796M, 10994500.00, 10A, GNR 2023-068
36202DDN8, 2809M, 12948000.00, 10A, GNR 2023-068
36202DD57, 2824M, 16258000.00, 10A, GNR 2023-068
36202DEK3, 2838M, 16168500.00, 10A, GNR 2023-068
36202DEZ0, 2852M, 4090226.00, 10A, GNR 2023-068
36202DFZ9, 2884M, 5000000.00, 10A, GNR 2023-068
36202DH95, 2956M, 500000.00, 10A, GNR 2023-068
36202DJB8, 2958M, 36000000.00, 10A, GNR 2023-068
36202DKX8, 3010M, 3050000.00, 10A, GNR 2023-068
36202DKZ3, 3012M, 10142000.00, 10A, GNR 2023-068
36202DLF6, 3026M, 2000000.00, 10A, GNR 2023-068
36202DLH2, 3028M, 13900000.00, 10A, GNR 2023-068
36202DLV1, 3040M, 5700000.00, 10A, GNR 2023-068
36202DLX7, 3042M, 15728502.00, 10A, GNR 2023-068
36202DMQ1, 3067M, 75000.00, 10A, GNR 2023-068
36202DMS7, 3069M, 2186000.00, 10A, GNR 2023-068
36202DM65, 3081M, 1224500.00, 10A, GNR 2023-068
36202DNM9, 3096M, 6725442.00, 10A, GNR 2023-068
36202DPT2, 3134M, 1500000.00, 10A, GNR 2023-068
36202DQC8, 3151M, 5104500.00, 10A, GNR 2023-068
36202DQZ7, 3172M, 160000.00, 10A, GNR 2023-068
36202DQ38, 3174M, 11516000.00, 10A, GNR 2023-068
36202DRG8, 3187M, 100000.00, 10A, GNR 2023-068
36202DRX1, 3202M, 4027965.00, 10A, GNR 2023-068
36202DSQ5, 3227M, 1102300.00, 10A, GNR 2023-068
36202DSS1, 3229M, 1111200.00, 10A, GNR 2023-068
36202DS36, 3238M, 1350000.00, 10A, GNR 2023-068
36202DTG6, 3251M, 5411375.00, 10A, GNR 2023-068
36202DUL3, 3287M, 12489384.00, 10A, GNR 2023-068
36202DUV1, 3296M, 60000.00, 10A, GNR 2023-068
36202DV32, 3334M, 4985565.00, 10A, GNR 2023-068
36202DWG2, 3347M, 910172.00, 10A, GNR 2023-068
36202DWX5, 3362M, 425000.00, 10A, GNR 2023-068
36202DXU0, 3391M, 1650000.00, 10A, GNR 2023-068
36202DX97, 3404M, 1418734.00, 10A, GNR 2023-068
36202DY39, 3430M, 402800.00, 10A, GNR 2023-068
36202DZH7, 3444M, 224308.00, 10A, GNR 2023-068
36202DZZ7, 3460M, 462500.00, 10A, GNR 2023-068
36202D2F7, 3474M, 1255000.00, 10A, GNR 2023-068
36202D2W0, 3489M, 950308.00, 10A, GNR 2023-068
36202D6F3, 3570M, 1136000.00, 10A, GNR 2023-068
36202D6V8, 3584M, 630000.00, 10A, GNR 2023-068
36202EBW8, 3653M, 817424.00, 10A, GNR 2023-068
36202EDG1, 3703M, 1429924.00, 10A, GNR 2023-068
36202EEJ4, 3737M, 550000.00, 10A, GNR 2023-068
36202EEW5, 3749M, 155000.00, 10A, GNR 2023-068
36202EJJ9, 3865M, 838307.00, 10A, GNR 2023-068
36202ELL1, 3931M, 480224.00, 10A, GNR 2023-068
36202EMR7, 3968M, 182000.00, 10A, GNR 2023-068
36202EQP7, 4062M, 570000.00, 10A, GNR 2023-068
36202ERS0, 4097M, 25000.00, 10A, GNR 2023-068
36290S4F5, 616522C, 920000.00, 10A, GNR 2023-068
36291VMA8, 639453C, 741000.00, 10A, GNR 2023-068
3620ART35, 737770C, 42170.00, 10A, GNR 2023-068
36230N6Z3, 754488C, 548882.00, 10A, GNR 2023-068
36230N7A7, 754489C, 95077.00, 10A, GNR 2023-068
36179UUR1, MA5992M, 211000.00, 10A, GNR 2023-068
36179VHY9, MA6547M, 209000.00, 10A, GNR 2023-068
36179VJZ4, MA6580M, 527280.00, 10A, GNR 2023-068
36179VY46, MA7031M, 159000.00, 10A, GNR 2023-068
36179WBB3, MA7234M, 50000.00, 10A, GNR 2023-068
36179WH92, MA7456M, 263633.00, 10A, GNR 2023-068
36179WMT2, MA7570M, 157111.00, 10A, GNR 2023-068
36179WT99, MA7776M, 59043.00, 10A, GNR 2023-068
36179WWV6, MA7860M, 80583.00, 10A, GNR 2023-068
36179XG91, MA8324M, 139407.00, 10A, GNR 2023-068
36179XMM5, MA8464M, 63941.00, 10A, GNR 2023-068
36179XSE7, MA8617M, 571619.00, 10A, GNR 2023-068
36179XXB7, MA8774M, 107836.00, 10A, GNR 2023-068
36205F6Z1, 389788X, 64000.00, 10B, GNR 2023-068
36205RXS1, 398589X, 500000.00, 10B, GNR 2023-068
36207END2, 429788X, 402000.00, 10B, GNR 2023-068
36207LJQ2, 435071X, 789677.00, 10B, GNR 2023-068
36208HR24, 451505X, 154000.00, 10B, GNR 2023-068
36208PTS7, 456961X, 3642963.00, 10B, GNR 2023-068
36208QRB4, 457782X, 100000.00, 10B, GNR 2023-068
36208T4P2, 460830X, 1699295.00, 10B, GNR 2023-068
36208WDV2, 462816X, 437000.00, 10B, GNR 2023-068
36209JA35, 472626X, 606169.00, 10B, GNR 2023-068
36209NAF9, 476206X, 3317000.00, 10B, GNR 2023-068
36209VFH2, 482668X, 2500000.00, 10B, GNR 2023-068
36209VM50, 482880X, 333000.00, 10B, GNR 2023-068
36209YUD8, 485780X, 897322.00, 10B, GNR 2023-068
36210AMQ7, 486467X, 175000.00, 10B, GNR 2023-068
36210BG66, 487221X, 80000.00, 10B, GNR 2023-068
36210KV69, 494837X, 300273.00, 10B, GNR 2023-068
36211DUY4, 510099X, 576000.00, 10B, GNR 2023-068
36211D3K4, 510302X, 889458.00, 10B, GNR 2023-068
36211ETG3, 510951X, 105000.00, 10B, GNR 2023-068
36212BF24, 528585X, 50000.00, 10B, GNR 2023-068
36212CDY4, 529419X, 125000.00, 10B, GNR 2023-068
36212D4Z9, 531040X, 455000.00, 10B, GNR 2023-068
36212HFX3, 533982X, 570000.00, 10B, GNR 2023-068
36212NAP2, 538314X, 750000.00, 10B, GNR 2023-068
36212NA56, 538328X, 6556915.00, 10B, GNR 2023-068
36212TA38, 542826X, 205832.00, 10B, GNR 2023-068
36213BQD7, 549552X, 225000.00, 10B, GNR 2023-068
36213ECX2, 551886X, 50000.00, 10B, GNR 2023-068
36213ESA5, 552313X, 100113.00, 10B, GNR 2023-068
36213ESE7, 552317X, 50056.00, 10B, GNR 2023-068
36213ESF4, 552318X, 30000.00, 10B, GNR 2023-068
36213EWU6, 552459X, 309211.00, 10B, GNR 2023-068
36213EXC5, 552475X, 1000000.00, 10B, GNR 2023-068
36213E2J4, 552577X, 3000000.00, 10B, GNR 2023-068
36213E3Z7, 552616X, 2036000.00, 10B, GNR 2023-068
36213HMP1, 554866X, 28313.00, 10B, GNR 2023-068
36213LM56, 557580X, 47000.00, 10B, GNR 2023-068
36213Q2L2, 561579X, 1632452.00, 10B, GNR 2023-068
36213TB51, 563560X, 4900000.00, 10B, GNR 2023-068
36213UHU7, 564643X, 188300.00, 10B, GNR 2023-068
36213YJC7, 568259X, 35012.00, 10B, GNR 2023-068
36213YLN0, 568333X, 50000.00, 10B, GNR 2023-068
36213Y6A5, 568865X, 25000.00, 10B, GNR 2023-068
36200QW67, 569569X, 111908.00, 10B, GNR 2023-068
36200Q2R4, 569684X, 342342.00, 10B, GNR 2023-068
36200RBH4, 569840X, 1151139.00, 10B, GNR 2023-068
36200RDB5, 569898X, 22643333.00, 10B, GNR 2023-068
36200RGT3, 570010X, 13016519.00, 10B, GNR 2023-068
36200RG71, 570022X, 4570000.00, 10B, GNR 2023-068
36200RVY5, 570431X, 124701.00, 10B, GNR 2023-068
36200RXU1, 570491X, 880000.00, 10B, GNR 2023-068
36201BL61, 578249X, 47000.00, 10B, GNR 2023-068
36201CNX8, 579206X, 900000.00, 10B, GNR 2023-068
36201CZB3, 579538X, 300000.00, 10B, GNR 2023-068
36201C4S0, 579633X, 40000.00, 10B, GNR 2023-068
36201FSK4, 582022X, 1886836.00, 10B, GNR 2023-068
36201FXJ1, 582181X, 25000.00, 10B, GNR 2023-068
36201G3L7, 583203X, 133000.00, 10B, GNR 2023-068
36201G6M2, 583276X, 120000.00, 10B, GNR 2023-068
36201KCX2, 585186X, 100000.00, 10B, GNR 2023-068
36201MFN7, 587073X, 100000.00, 10B, GNR 2023-068
36201MFP2, 587074X, 40000.00, 10B, GNR 2023-068
36201MJQ6, 587171X, 8451363.00, 10B, GNR 2023-068
36201MNT5, 587302X, 1784452.00, 10B, GNR 2023-068
36201MSQ6, 587427X, 254281.00, 10B, GNR 2023-068
36201QWQ2, 590255X, 30000.00, 10B, GNR 2023-068
36201QY31, 590330X, 3310000.00, 10B, GNR 2023-068
36201QZU0, 590355X, 2304681.00, 10B, GNR 2023-068
36201RYK1, 591214X, 75000.00, 10B, GNR 2023-068
36201SY52, 592132X, 40000.00, 10B, GNR 2023-068
36201TKE6, 592593X, 77728.00, 10B, GNR 2023-068
36201TLF2, 592626X, 391000.00, 10B, GNR 2023-068
36201TQD2, 592752X, 233000.00, 10B, GNR 2023-068
36201UA53, 593228X, 392865.00, 10B, GNR 2023-068
36201VY71, 594834X, 605000.00, 10B, GNR 2023-068
36201VZJ4, 594845X, 1124620.00, 10B, GNR 2023-068
36201V5F5, 594946X, 94009.00, 10B, GNR 2023-068
36200CT62, 597373X, 47000.00, 10B, GNR 2023-068
36200FSR0, 600028X, 75086.00, 10B, GNR 2023-068
36200KCM7, 603176X, 161000.00, 10B, GNR 2023-068
36200KPD3, 603520X, 2500000.00, 10B, GNR 2023-068
36200KZD2, 603840X, 1080000.00, 10B, GNR 2023-068
36200K3X3, 603914X, 529000.00, 10B, GNR 2023-068
36200MBN2, 604045X, 370000.00, 10B, GNR 2023-068
36201X5W4, 606661X, 97000.00, 10B, GNR 2023-068
36202T6G6, 609371X, 95000.00, 10B, GNR 2023-068
36202XJT5, 612374X, 495949.00, 10B, GNR 2023-068
36290SMS7, 616069X, 84250.00, 10B, GNR 2023-068
36290SQA2, 616149X, 335950.00, 10B, GNR 2023-068
36290XP53, 620644X, 50000.00, 10B, GNR 2023-068
36290YUD8, 621680X, 85000.00, 10B, GNR 2023-068
36290YY28, 621829X, 130000.00, 10B, GNR 2023-068
36291CUW3, 624397X, 190000.00, 10B, GNR 2023-068
36291JXV7, 629892X, 297746.00, 10B, GNR 2023-068
36291SDY3, 636519X, 742294.00, 10B, GNR 2023-068
36292LFW9, 651881X, 68000.00, 10B, GNR 2023-068
36294N6K9, 655274X, 837914.00, 10B, GNR 2023-068
36294QQU8, 656667X, 906000.00, 10B, GNR 2023-068
36295NN86, 675515X, 53642.00, 10B, GNR 2023-068
36297GGK0, 711302X, 66000.00, 10B, GNR 2023-068
36225AUH1, 780584X, 2505000.00, 10B, GNR 2023-068
36225AUN8, 780589X, 900000.00, 10B, GNR 2023-068
36225AWD8, 780644X, 2500000.00, 10B, GNR 2023-068
36225AWL0, 780651X, 3505211.00, 10B, GNR 2023-068
36225AYN4, 780717X, 3000000.00, 10B, GNR 2023-068
36225AY53, 780732X, 3850000.00, 10B, GNR 2023-068
36225A2J8, 780777X, 3843125.00, 10B, GNR 2023-068
36225A3L2, 780803X, 5599000.00, 10B, GNR 2023-068
36225A7H7, 780896X, 750000.00, 10B, GNR 2023-068
36225A7K0, 780898X, 200000.00, 10B, GNR 2023-068
36225BA81, 780931X, 1460000.00, 10B, GNR 2023-068
36225BB80, 780963X, 820000.00, 10B, GNR 2023-068
36225BDK1, 781006X, 5500000.00, 10B, GNR 2023-068
36225BGW2, 781113X, 7006000.00, 10B, GNR 2023-068
36225BG51, 781120X, 2270209.00, 10B, GNR 2023-068
36225BG77, 781122X, 7773182.00, 10B, GNR 2023-068
36225BG85, 781123X, 1920000.00, 10B, GNR 2023-068
36225BG93, 781124X, 2250000.00, 10B, GNR 2023-068
36225BLL0, 781231X, 3779226.00, 10B, GNR 2023-068
36225BMK1, 781262X, 2273000.00, 10B, GNR 2023-068
36225BPH5, 781324X, 16390951.00, 10B, GNR 2023-068
36225BPM4, 781328X, 1943452.00, 10B, GNR 2023-068
36225BPN2, 781329X, 230000.00, 10B, GNR 2023-068
36225BPP7, 781330X, 241000.00, 10B, GNR 2023-068
36225BPT9, 781334X, 19051112.00, 10B, GNR 2023-068
36225BP28, 781341X, 857100.00, 10B, GNR 2023-068
36225BP69, 781345X, 600438.00, 10B, GNR 2023-068
36225BST6, 781430X, 10199266.00, 10B, GNR 2023-068
36225BTA6, 781445X, 6650912.00, 10B, GNR 2023-068
36225BTD0, 781448X, 600000.00, 10B, GNR 2023-068
36225BUH9, 781484X, 336000.00, 10B, GNR 2023-068
36225BUJ5, 781485X, 645533.00, 10B, GNR 2023-068
36225BWH7, 781548X, 397674.00, 10B, GNR 2023-068
36225BWZ7, 781564X, 2569007.00, 10B, GNR 2023-068
36225BZM3, 781648X, 591411.00, 10B, GNR 2023-068
36225BZ43, 781663X, 148000.00, 10B, GNR 2023-068
36225B2V9, 781688X, 239701.00, 10B, GNR 2023-068
36225B2X5, 781690X, 1993123.00, 10B, GNR 2023-068
36225B4H8, 781724X, 218000.00, 10B, GNR 2023-068
36225B6R4, 781780X, 1939500.00, 10B, GNR 2023-068
36241KBK3, 781842X, 425350.00, 10B, GNR 2023-068
36241KFD5, 781964X, 967000.00, 10B, GNR 2023-068
36241KGE2, 781997X, 356962.00, 10B, GNR 2023-068
36241KG93, 782024X, 353550.00, 10B, GNR 2023-068
36241KHH4, 782032X, 34250.00, 10B, GNR 2023-068
3617FHN34, CO5810C, 30275.00, T, GNR 2023-068
36179XX76, MA8802M, 200408332.00, 1, GNR 2023-069
3617FU5L5, CP5351C, 3156264.00, 2, GNR 2023-069
3618A3A57, CQ0928C, 19987070.00, 2, GNR 2023-069
3618A3CY2, CQ0987C, 4405818.00, 2, GNR 2023-069
3618A3DC9, CQ0999C, 3541474.00, 2, GNR 2023-069
3618A3DM7, CQ1008C, 1177739.00, 2, GNR 2023-069
3618ACTE8, CQ9549C, 1113861.00, 2, GNR 2023-069
3618ACTF5, CQ9550C, 2184630.00, 2, GNR 2023-069
3618AXTU6, CS5063C, 2440884.00, 2, GNR 2023-069
3618AYYY0, CS6127C, 1290982.00, 2, GNR 2023-069
3618AYZP8, CS6150C, 3293621.00, 2, GNR 2023-069
3618B6R36, CT1406C, 999885.00, 2, GNR 2023-069
3618B6TM2, CT1456C, 1425562.00, 2, GNR 2023-069
3618B6TR1, CT1460C, 935852.00, 2, GNR 2023-069
38383ASS4, GN-2021-156-CI, 19200000.00, 3, GNR 2023-069
38383LFW5, GN-2022-197-IO, 21082922.00, 3, GNR 2023-069
36179XX84, MA8803M, 25072551.00, 4, GNR 2023-069
3618AUD39, CS1922C, 2888177.00, 5, GNR 2023-069
3618AUD47, CS1923C, 2633548.00, 5, GNR 2023-069
3618AUD70, CS1926C, 1618859.00, 5, GNR 2023-069
3618AUD88, CS1927C, 5296998.00, 5, GNR 2023-069
3618AUD96, CS1928C, 4016692.00, 5, GNR 2023-069
3618AUEA2, CS1929C, 8782594.00, 5, GNR 2023-069
3618AUEB0, CS1930C, 5132137.00, 5, GNR 2023-069
3618AUEE4, CS1933C, 3188333.00, 5, GNR 2023-069
3618AUEF1, CS1934C, 5041957.00, 5, GNR 2023-069
3618AUEG9, CS1935C, 3962212.00, 5, GNR 2023-069
3618AUEH7, CS1936C, 1535902.00, 5, GNR 2023-069
36179XX84, MA8803M, 100290201.00, 6, GNR 2023-069
38382LUU3, GN-2020-183-CI, 10500000.00, 7, GNR 2023-069
38382MTE9, GN-2021-008-IM, 18040402.00, 7, GNR 2023-069
38382NAG2, GN-2021-016-AI, 10000000.00, 7, GNR 2023-069
3617FYGN1, CP8305C, 1004266.00, 8, GNR 2023-069
3618AAT85, CQ7775C, 3377644.00, 8, GNR 2023-069
3618AMF68, CR6489C, 2478004.00, 8, GNR 2023-069
3618ANDU5, CR7315C, 2290667.00, 8, GNR 2023-069
3618APKN8, CR8401C, 1177451.00, 8, GNR 2023-069
3618ASL84, CS0351C, 1332579.00, 8, GNR 2023-069
3618ASRS4, CS0497C, 1434085.00, 8, GNR 2023-069
3618AUVE5, CS2413C, 31440424.00, 8, GNR 2023-069
3618AWPE8, CS4021C, 2202478.00, 8, GNR 2023-069
3618AYNK2, CS5794C, 11282805.00, 8, GNR 2023-069
3618B0LB7, CS6622C, 3159393.00, 8, GNR 2023-069
3618B0MB6, CS6654C, 1301508.00, 8, GNR 2023-069
3618B6K90, CT1220C, 1533494.00, 8, GNR 2023-069
3618B6VV9, CT1528C, 1022565.00, 8, GNR 2023-069
3618BAXQ9, CT5187C, 4690392.00, 8, GNR 2023-069
3618BAZW4, CT5257C, 2340796.00, 8, GNR 2023-069
3618BAZX2, CT5258C, 2627191.00, 8, GNR 2023-069
3618BDAC9, CT7203C, 12454110.00, 8, GNR 2023-069
3618BDN35, CT7610C, 5254942.00, 8, GNR 2023-069
3618BE5C3, CT8943C, 1318933.00, 8, GNR 2023-069
3618BF6M7, CT9876C, 4868331.00, 8, GNR 2023-069
3618BHVF0, CU0614C, 581141.00, 8, GNR 2023-069
36179XX84, MA8803M, 30087061.00, 9, GNR 2023-069
38383UWT3, GN-2022-137-SD, 12736789.00, 10A, GNR 2023-069
38383HNG0, GN-2023-013-ES, 8556039.00, 10B, GNR 2023-069
38383HNH8, GN-2023-013-GA, 18809177.00, 11, GNR 2023-069
36179XVG8, MA8715M, 45733.00, T, GNR 2023-069
3618BDDR3, CT7312C, 27938635.00, 1, GNR 2023-070
3618BGBJ6, CT9941C, 2952395.00, 1, GNR 2023-070
3618BDDQ5, CT7311C, 18835059.00, 1, GNR 2023-070
3618B02B8, CS7070C, 947374.00, 1, GNR 2023-070
3618AWBQ6, CS3647C, 3413088.00, 1, GNR 2023-070
3618B02A0, CS7069C, 1009582.00, 1, GNR 2023-070
3618AK4G2, CR5323C, 1257994.00, 1, GNR 2023-070
3618AWBP8, CS3646C, 3281195.00, 1, GNR 2023-070
3618AH6E2, CR3569C, 2332303.00, 1, GNR 2023-070
3618BEWG4, CT8747C, 1590775.00, 1, GNR 2023-070
3618AQPU5, CR9435C, 802767.00, 1, GNR 2023-070
3618BCK55, CT6616C, 966817.00, 1, GNR 2023-070
3618BC2U0, CT7087C, 812177.00, 1, GNR 2023-070
3618BEWH2, CT8748C, 1168123.00, 1, GNR 2023-070
3618BFQA1, CT9449C, 906666.00, 1, GNR 2023-070
3618BKSJ9, CU2321C, 1104614.00, 1, GNR 2023-070
3618BFZK9, CT9746C, 849137.00, 1, GNR 2023-070
3618BFP61, CT9445C, 854377.00, 1, GNR 2023-070
3618BGBK3, CT9942C, 2530959.00, 1, GNR 2023-070
3618BEWF6, CT8746C, 2573071.00, 1, GNR 2023-070
3618BFP53, CT9444C, 769604.00, 1, GNR 2023-070
3618AKYU8, CR5223C, 1206841.00, 1, GNR 2023-070
3618AKYT1, CR5222C, 1936884.00, 1, GNR 2023-070
3618AVGR1, CS2908C, 1219957.00, 1, GNR 2023-070
3617FYMS3, CP8469C, 309759.00, 1, GNR 2023-070
3618B3D20, CS9121C, 811256.00, 1, GNR 2023-070
3618AGDL0, CR1907C, 1284216.00, 1, GNR 2023-070
3618ASMB6, CS0354C, 777246.00, 1, GNR 2023-070
3618AMSK3, CR6822C, 852663.00, 1, GNR 2023-070
3617FYMP9, CP8466C, 1393391.00, 1, GNR 2023-070
3618B6ML1, CT1263C, 815330.00, 1, GNR 2023-070
3618AQP68, CR9445C, 769392.00, 1, GNR 2023-070
3618AMSJ6, CR6821C, 1387473.00, 1, GNR 2023-070
3618AVEU6, CS2847C, 1248666.00, 1, GNR 2023-070
3618BAGV7, CT4712C, 842365.00, 1, GNR 2023-070
3618AGYB9, CR2506C, 1441912.00, 1, GNR 2023-070
3618BD5Z4, CT8064C, 164846.00, 1, GNR 2023-070
3618BAHB0, CT4726C, 202222.00, 1, GNR 2023-070
3618AQP50, CR9444C, 740822.00, 1, GNR 2023-070
3618B9SS4, CT4129C, 4337074.00, 1, GNR 2023-070
3617FYMQ7, CP8467C, 860993.00, 1, GNR 2023-070
3618B2KE8, CS8393C, 8826639.00, 1, GNR 2023-070
3618B3QT7, CS9466C, 154395.00, 1, GNR 2023-070
36179XNH5, MA8492M, 35010299.00, 2, GNR 2023-070
36179X2N5, MA8881M, 400000000.00, 3, GNR 2023-070
36179X2M7, MA8880M, 54166667.00, 4, GNR 2023-070
36179X2N5, MA8881M, 50000000.00, 5, GNR 2023-070
36179X2N5, MA8881M, 161538462.00, 6, GNR 2023-070
36179X2N5, MA8881M, 100000000.00, 7, GNR 2023-070
36179X2M7, MA8880M, 58333334.00, 8, GNR 2023-070
38383MCG1, GN-2022-034-CI, 23781713.00, 9, GNR 2023-070
38383F6K4, GN-2022-101-IC, 11967555.00, 9, GNR 2023-070
38382XX75, GN-2021-158-EI, 28942279.00, 10, GNR 2023-070
38383PBC4, GN-2022-060-BI, 29990569.00, 10, GNR 2023-070
38383YBF8, GN-2022-148-CI, 14960834.00, 10, GNR 2023-070
36179X2M7, MA8880M, 54166667.00, 11, GNR 2023-070
38381AJY3, GN-2018-135-ES, 50000000.00, 12A, GNR 2023-070
38379LH25, GN-2015-053-SA, 52238884.00, 12B, GNR 2023-070
38378HKZ8, GN-2012-106-Q, 47941875.00, 13, GNR 2023-070
38380F4H6, GN-2017-099-I, 46600875.00, 13, GNR 2023-070
38380VBG5, GN-2018-033-IO, 63759146.00, 13, GNR 2023-070
38381B4K7, GN-2019-018-LI, 27509000.00, 13, GNR 2023-070
38382BGT4, GN-2019-159-EI, 25769625.00, 13, GNR 2023-070
38382DAB5, GN-2020-007-BI, 28515893.00, 13, GNR 2023-070
38382FYD0, GN-2020-079-AI, 24770583.00, 13, GNR 2023-070
3622ACEE6, 786533SP, 39884573.00, 14, GNR 2023-070
3618A7GQ6, CQ4707C, 40262.00, T, GNR 2023-070
36179XX84, MA8803M, 200580402.00, 1, GNR 2023-075
38380AKH9, GN-2016-116-DI, 32313571.00, 2, GNR 2023-075
38380BP74, GN-2016-153-PI, 28571428.00, 2, GNR 2023-075
38382FZG2, GN-2020-079-DI, 31687385.00, 2, GNR 2023-075
38382HHU7, GN-2020-104-VI, 52000000.00, 2, GNR 2023-075
38381YVF8, GN-2019-115-US, 33678999.00, 3A, GNR 2023-075
38382AQ81, GN-2019-138-S, 33353260.00, 3A, GNR 2023-075
38382AWE1, GN-2019-145-CS, 40404039.00, 3A, GNR 2023-075
38382DVU0, GN-2020-033-SB, 35365000.00, 3A, GNR 2023-075
38382FU28, GN-2020-084-SE, 36966666.00, 3B, GNR 2023-075
38379MGK4, GN-2015-094-IO, 32302921.00, 4, GNR 2023-075
38380AYN1, GN-2016-124-IO, 58102125.00, 4, GNR 2023-075
38380FJY3, GN-2017-095-IO, 53459335.00, 4, GNR 2023-075
38380TZE9, GN-2017-112-PI, 36560369.00, 4, GNR 2023-075
38382DBF5, GN-2020-007-IB, 18836250.00, 4, GNR 2023-075
38382DGY9, GN-2020-022-AI, 58858502.00, 4, GNR 2023-075
38382FAB0, GN-2020-077-BI, 12353855.00, 4, GNR 2023-075
38382FV84, GN-2020-078-DI, 13031000.00, 4, GNR 2023-075
38382MTN9, GN-2021-008-IC, 44136540.00, 4, GNR 2023-075
38381TQR9, GN-2019-044-SE, 33850569.00, 5, GNR 2023-075
38381YYY4, GN-2019-119-SA, 41666666.00, 5, GNR 2023-075
38382AM51, GN-2019-138-SW, 45888367.00, 5, GNR 2023-075
38379FUK3, GN-2015-161-AS, 38714285.00, 6, GNR 2023-075
38376UH77, GN-2017-067-ST, 55349784.00, 6, GNR 2023-075
38376UWK1, GN-2017-073-SM, 52451876.00, 6, GNR 2023-075
38380TZG4, GN-2017-112-S, 59673223.00, 6, GNR 2023-075
38380V4N8, GN-2018-046-AS, 49597389.00, 6, GNR 2023-075
38380WNV7, GN-2018-048-SA, 45228881.00, 6, GNR 2023-075
36179XVS2, MA8725M, 45225.00, T, GNR 2023-075
36179X2N5, MA8881M, 100000000.00, 1, GNR 2023-076
3622ACHL7, 786635C, 79977931.00, 2, GNR 2023-076
3622ACHM5, 786636C, 86634508.00, 2, GNR 2023-076
3622ACBU3, 786451C, 67602659.00, 3, GNR 2023-076
3622ACBV1, 786452C, 58997492.00, 3, GNR 2023-076
3622ACBW9, 786453C, 24500000.00, 3, GNR 2023-076
36179X2N5, MA8881M, 100000000.00, 4, GNR 2023-076
36179XX76, MA8802M, 177444877.00, 5, GNR 2023-076
36179XX76, MA8802M, 95101184.00, 6, GNR 2023-076
36179X2M7, MA8880M, 150000000.00, 7, GNR 2023-076
36179X2L9, MA8879M, 40000.00, T, GNR 2023-076